model_no,clasp type,features,movement,case size,case shape,case material,glass material,dial colour,strap material,strap colour,ean,precious stone,gender,water resistance (m),warranty period,country of origin,price,product
r30009752,,date,automatic,28 mm,round,steel,sapphire crystal,black,steel,silver,7.61E+12,on dial ,women ,30,    2 year,switzerland ,"₹  2,10,500",Centrix
r22855929,,,quartz,27 mm,round,steel & rose gold pvd,sapphire crystal,mop,steel & rose gold pvd,silver & rose gold,7.61E+12,on dial ,women ,50,    2 years,switzerland ,"₹  1,23,500",Coupole
r20201712,,,quartz,22.7 mm,rectangular,steel & ceramic,sapphire crystal,black,steel & ceramic,brown,7.61E+12,on dial ,women ,50,    2 years,switzerland ,"₹  2,09,500",Integral
r20206712,,date,quartz,31 mm,rectangular,ceramic,sapphire crystal,black,ceramic,silver & black,7.61E+12,on dial ,men ,30,    2 years,switzerland ,"₹  2,09,500",Integral
r20612712,,,quartz,23 mm,rectangular,ceramic & rose gold pvd,sapphire crystal,black,ceramic & rose gold pvd,black & rose gold,7.61E+12,on dial ,women ,30,    2 years,switzerland ,"₹  2,09,500",Integral
r20845712,,,quartz,23 mm,rectangular,ceramic & yellow gold pvd,sapphire crystal,black,ceramic & yellow gold pvd,black & yellow gold,7.61E+12,on dial ,women ,30,    2 years,switzerland ,"₹  2,09,500",Integral
r12408613,,,automatic,35 mm,round,steel,sapphire crystal,black,steel,,,on dial ,men ,,,switzerland ,"₹  1,13,700",Original
r12413034,,,automatic,35 mm,round,cvd coated hardmetal,sapphire crystal,champagne,steel & yellow gold pvd,,7.61E+12,on dial ,men ,,,switzerland ,"₹  1,02,800",Original
r12413073,,day-date,automatic,35 mm,oval,steel & yellow gold pvd,sapphire crystal,champagne,steel & yellow gold pvd,yellow gold,7.61E+12,on dial ,men ,30,    2 years,switzerland ,"₹  1,02,700",The Original Automatic
r12413314,,day-date,automatic,35 mm,oval,steel & yellow gold pvd,sapphire crystal,champagne,steel & yellow gold pvd,yellow gold,7.61E+12,on dial ,men ,30,    2 years,switzerland ,"₹  1,14,900",The Original Automatic
r12413323,,day-date,automatic,35 mm,oval,steel & yellow gold pvd,sapphire crystal,champagne,steel & yellow gold pvd,yellow gold,7.61E+12,on dial ,men ,30,    2 years,switzerland ,"₹  1,12,500",The Original Automatic
r12413324,,day-date,automatic,43 mm,oval,steel & yellow gold pvd,sapphire crystal,champagne,steel & yellow gold pvd,silver & yellow gold,7.61E+12,,men ,30,    2 years,switzerland ,"₹  1,21,700",Original
r12637163,,date,automatic,38.5 mm,round,steel,sapphire crystal,blue,steel,silver,7.61E+12,,men ,100,    2 years,switzerland ,"₹  1,35,300",Original
r12995153,folding clasp,day-date,automatic,38.5 mm,oval,steel,sapphire crystal,grey,steel,silver,7.61E+12,,men ,100,    2 year,switzerland ,"₹  1,55,400",Original
r12391153,,day-date,quartz,35 mm,oval,steel,sapphire crystal,black,steel,silver,7.61E+12,,men ,30,    2 years,switzerland ,"₹  47,500",The Original
r21700702,,,quartz,30 mm,rectangular,ceramic,sapphire crystal,black,ceramic,black,7.61E+12,on dial ,men ,50,    2 years,switzerland ,"₹  2,29,500",Ceramica
r21702722,,,quartz,22.9 mm,rectangular,ceramic,sapphire crystal,black,ceramic,black,7.61E+12,on dial ,women ,50,    2 years,switzerland ,"₹  2,29,500",Ceramica
r48744103,,date,quartz,23 mm,round,steel,sapphire crystal,silver,steel,silver,7.61E+12,,women ,30,    2 years,switzerland ,"₹  54,600",Florence
r48744153,,,quartz,23 mm,round,steel,sapphire crystal,black,steel,silver,,,women ,30,    2 years,switzerland ,"₹  54,600",Florence
r12408613,,,quartz,27 mm,round,steel & rose gold pvd,sapphire crystal,mop,steel & rose gold pvd,silver & rose gold,7.61E+12,on dial ,women ,50,    2 years,switzerland ,"₹  1,23,500",Coupole
r48868723,,date,automatic,28 mm,round,steel,sapphire crystal,black,steel,silver,7.61E+12,on dial ,women ,30,    2 year,switzerland ,"₹  2,10,500",Centrix
r48871173,,date,quartz,28 mm,round,steel,sapphire crystal,black,steel & yellow gold pvd,silver & yellow gold,7.61E+12,,women ,30,    2 year,switzerland ,"₹  74,800",Florence
r48744163,,date,quartz,23 mm,round,steel,sapphire crystal,black,steel,silver,7.61E+12,on dial ,women ,30,    2 years,switzerland ,"₹  65,700",Flourence
r48744723,,,quartz,23 mm,round,steel,sapphire crystal,black,steel,silver,7.61E+12,on dial ,women ,30,    2 years,switzerland ,"₹  61,500",Florence
r48745154,,,quartz,23 mm,round,steel & yellow gold pvd,sapphire crystal,black,steel & yellow gold pvd,silver & yellow gold,7.61E+12,on dial ,women ,30,    2 years,switzerland ,"₹  64,200",Florence
r48792103,,date,quartz,35 mm,round,steel,sapphire crystal,silver,steel,silver,7.61E+12,,men ,30,    2 years,switzerland ,"₹  62,800",Florence
r48792153,,date,quartz,35 mm,round,steel,sapphire crystal,black,steel,silver,7.61E+12,on dial ,men ,30,    2 years,switzerland ,"₹  62,800",Florence
r48867155,folding clasp,date,quartz,38 mm,round,steel & rose gold pvd,sapphire crystal,black,leather,black,,,unisex ,30,    2 year,switzerland ,"₹  69,900",Florence
r48868163,,date,quartz,38 mm,round,steel & yellow gold pvd,sapphire crystal,black,steel & yellow gold pvd,yellow gold,7.61E+12,,men ,30,    2 year,switzerland ,"₹  67,300",Florence
r48868723,,date,quartz,38 mm,round,,sapphire crystal,silver,steel & yellow gold pvd,silver & yellow gold,7.61E+12,on dial ,men ,30,    2 years,switzerland ,"₹  88,500",Florence
r48871714,,date,quartz,28 mm,round,steel,sapphire crystal,black,steel & yellow gold pvd,silver & yellow gold,7.61E+12,on dial ,women ,30,    2 year,switzerland ,"₹  93,100",Florence
r48872253,,date,quartz,28 mm,round,steel & yellow gold pvd,sapphire crystal,silver,steel & yellow gold pvd,silver & yellow gold,7.61E+12,on dial ,women ,30,    2 years,switzerland ,"₹  88,500",Florence
r48872723,,date,quartz,28 mm,round,steel & yellow gold pvd,sapphire crystal,silver,steel & yellow gold pvd,silver & yellow gold,7.61E+12,on dial ,women ,30,    2 years,switzerland ,"₹  88,500",Florence
r48873103,,date,quartz,28 mm,round,steel & rose gold pvd,sapphire crystal,silver,steel & rose gold pvd,silver & rose gold,7.61E+12,,women ,30,    2 years,switzerland ,"₹  79,100",Florence Classic
r48874013,,date,quartz,28 mm,round,steel,sapphire crystal,silver,steel,silver,7.61E+12,,women ,30,    2 years,switzerland ,"₹  66,100",Florence
r30034712,,date,automatic,28 mm,round,ceramic,sapphire crystal,black,,black & yellow gold,7.61E+12,on dial ,women ,30,    2 years,switzerland ,"₹  2,03,900",Centrix
r30130152,, date,quartz,40 mm,round,steel & ceramic,sapphire crystal,black,steel & ceramic,silver & black,7.61E+12,,men ,30,    2 years,switzerland ,"₹  1,85,900",Centrix Chronograph
r30162172,,date,automatic,40 mm,round,steel & rose gold pvd,sapphire crystal,black,steel & rose gold pvd,black & rose gold,7.61E+12,,men ,50,    2 year,switzerland ,"₹  1,71,900",Centrix
r30180113,,open balance wheel,automatic,38 mm,round,steel & yellow gold pvd,sapphire crystal,silver,steel & yellow gold pvd,silver & yellow gold,7.61E+12,,men ,30,    2 years,switzerland ,"₹  1,65,900",Centrix
r30180162,,,automatic,38 mm,round,ceramic,sapphire crystal,black,ceramic,black & yellow gold,7.61E+12,,men ,30,    2 years,switzerland ,"₹  2,00,400",Centrix
r30181312,,,automatic,38 mm,round,steel & rose gold pvd,sapphire crystal,silver,ceramic & rose gold pvd,brown,7.61E+12,,men ,30,    2 years,switzerland ,"₹  2,00,400",Centrix Automatic Open Heart
r30183712,,date,automatic,28 mm,round,steel & rose gold pvd,sapphire crystal,black,ceramic & rose gold pvd,black & rose gold,7.61E+12,on dial ,women ,30,    2 years,switzerland ,"₹  2,03,900",Centrix Automatic Diamonds
r30941752,folding clasp,date,automatic,38 mm,round,steel,sapphire crystal,black,steel,black,7.61E+12,on bezel ,men ,30,    2 years,switzerland ,"₹  2,10,400",Centrix Automatic Diamonds
r22879025,, power reserve indicator,automatic,41 mm,round,steel & rose gold pvd,sapphire crystal,silver,leather,brown,7.61E+12,,men ,50,    2 years,switzerland ,"₹  1,55,000",Coupole
r22879165,, power reserve indicator,automatic,41 mm,round,steel & rose gold pvd,sapphire crystal,brown,leather,brown,7.61E+12,,men ,50,    2 years,switzerland ,"₹  1,55,000",Coupole
r22879205,, power reserve indicator,automatic,41 mm,round,steel & rose gold pvd,sapphire crystal,blue,leather,brown,7.61E+12,,men ,50,    2 years,switzerland ,"₹  1,55,000",Coupole Classic
r22897933,folding clasp,,quartz,27 mm,round,steel & rose gold pvd,sapphire crystal,mop,steel & rose gold pvd,silver & rose gold,7.61E+12,,women ,30,    2 year,switzerland ,"₹  97,800",Coupole Classic
r22896924,folding clasp,,quartz,27 mm,round,steel & rose gold pvd,sapphire crystal,mop,steel & rose gold pvd,silver & rose gold,7.61E+12,on bezel & dial ,women ,30,    2 year,switzerland ,"₹  2,32,700",Coupole Classic
r30935162,,date,quartz,28 mm,round,steel,sapphire crystal,black,steel & ceramic,silver & black,7.61E+12,on dial ,women ,30,    2 years,switzerland ,"₹  1,40,800",Centrix Diamonds
r30941152,,date,automatic,38 mm,round,steel,sapphire crystal,black,steel & ceramic,silver & black,7.61E+12,,men ,30,    2 years,switzerland ,"₹  1,52,400",Centrix
r30953123,,date,automatic,38 mm,round,steel & rose gold pvd,sapphire crystal,silver,steel & rose gold pvd,silver & rose gold,7.61E+12,,men ,30,    2 years,switzerland ,"₹  1,40,700",Centrix
r27243732,,date,automatic,40 mm,round,ceramic,sapphire crystal,black,ceramic,black,7.61E+12,on dial ,men ,50,    2 years,switzerland ,"₹  1,84,500",TRUE
r30246712,,date,automatic,40 mm,round,ceramic,sapphire crystal,black,ceramic,black,7.61E+12,on dial ,men ,50,    2 years,switzerland ,"₹  1,84,500",TRUE
r30528152,,date,quartz,28 mm,round,steel & rose gold pvd,sapphire crystal,black,ceramic & rose gold pvd,black & rose gold,7.61E+12,,women ,30,    2 years,switzerland ,"₹  1,22,100",Centrix
r32259163,,date,quartz,28 mm,round,steel & yellow gold pvd,sapphire crystal,black,steel & yellow gold pvd,yellow gold,7.61E+12,on dial ,women ,30,    2 years,switzerland ,"₹  1,30,300",Centrix
r12391103,,day-date,quartz,35 mm,oval,steel,sapphire crystal,silver,steel,silver,7.61E+12,,men ,30,    2 years,switzerland ,"₹  47,500",The Original
r30934712,,date,quartz,35 mm,round,steel,sapphire crystal,silver,steel & yellow gold pvd,silver & yellow gold,7.61E+12,,men ,30,    2 years,switzerland ,"₹  67,000",Florence
r27056722,,date,automatic,40 mm,round,ceramic,sapphire crystal,black,ceramic,black,7.61E+12,on dial ,men ,50,    2 years,switzerland ,"₹  1,84,500",TRUE
r27059162,,date,quartz,30 mm,round,ceramic,,black,ceramic,black,7.61E+12,,women ,50,    2 years,switzerland ,"₹  1,33,900",TRUE
r27238722,,date,quartz,40 mm,round,ceramic,sapphire crystal,black,ceramic,black,7.61E+12,on dial ,men ,50,    2 years,switzerland ,"₹  1,54,500",True Diamonds
r27242712,,date,automatic,30 mm,round,ceramic,sapphire crystal,black,ceramic,black,,on dial ,women ,50,    2 year,switzerland ,"₹  1,84,500",TRUE
r27243732,,date,automatic,30 mm,round,steel & ceramic,sapphire crystal,grey,steel & ceramic,grey,7.61E+12,on dial ,women ,50,,switzerland ,"₹  2,14,000",TRUE
r27243852,folding clasp,date,automatic,30 mm,round,ceramic,sapphire crystal,mop,ceramic,grey,7.61E+12,on bezel ,women ,50,    2 years,switzerland ,"₹  2,34,000",True Automatic Diamonds
r27004302,folding clasp,,quartz,39 mm,round,ceramic,sapphire crystal,brown,ceramic,brown,7.61E+12,,men ,30,    2 years,switzerland ,"₹  1,86,100",True Thinline
r30246712,,open balance wheel,automatic,33 mm,round,steel & yellow gold pvd,sapphire crystal,black,ceramic & yellow gold pvd,black & yellow gold,7.61E+12,on dial ,women ,30,    2 years,switzerland ,"₹  2,13,700",Centrix
r30528713,,date,quartz,28 mm,round,steel & yellow gold pvd,sapphire crystal,black,steel & yellow gold pvd,yellow gold,7.61E+12,on dial ,women ,30,    2 years,switzerland ,"₹  1,30,300",Centrix
r30927132,,date,quartz,38 mm,round,steel,sapphire crystal,grey,steel & ceramic,silver & black,7.61E+12,,men ,30,    2 years,switzerland ,"₹  1,40,700",Centrix
r30927153,,date,quartz,38 mm,round,steel,sapphire crystal,black,steel,silver,7.61E+12,,men ,30,    2 years,switzerland ,"₹  94,600",Centrix
r30928132,,date,quartz,28 mm,round,steel,sapphire crystal,grey,steel & ceramic,grey,7.61E+12,,women ,30,    2 years,switzerland ,"₹  1,30,800",Centrix
r30932713,,date,quartz,28 mm,round,steel,sapphire crystal,silver,steel & yellow gold pvd,silver & yellow gold,7.61E+12,on dial ,women ,30,    2 years,switzerland ,"₹  1,10,600",Centrix Diamonds
r30079762,folding clasp,date,automatic,38 mm,round,steel & yellow gold pvd,sapphire crystal,black,steel & yellow gold pvd,black & yellow gold,7.61E+12,on dial ,men ,30,    2 year,switzerland ,"₹  2,20,500",Centrix
r27742192,,,quartz,30 mm,round,steel & black ceramic,sapphire crystal,black,steel & ceramic,black,7.61E+12,,women ,30,    2 years,switzerland ,"₹  1,67,500",TRUE
r27742722,,,quartz,30 mm,round,steel & ceramic,sapphire crystal,black,ceramic,black,7.61E+12,on dial ,women ,30,    2 years,switzerland ,"₹  2,04,800",TRUE
r27956132,,,quartz,30 mm,round,ceramic,sapphire crystal,grey,ceramic,black,7.61E+12,,women ,30,    2 years,switzerland ,"₹  1,85,200",TRUE
r32259153,, date,quartz,44.9 mm,round,steel & ceramic,sapphire crystal,black,steel,silver,7.61E+12,,men ,100,    2 years,switzerland ,"₹  1,45,000",HyperChrome
r32259203,, date,quartz,44.9 mm,round,steel & ceramic,sapphire crystal,blue,steel,silver,7.61E+12,,men ,100,    2 years,switzerland ,"₹  1,45,000",HyperChrome Chronograph
r48872163,,date,quartz,28 mm,round,steel & yellow gold pvd,sapphire crystal,black,steel & yellow gold pvd,yellow gold,7.61E+12,,women ,30,    2 year,switzerland ,"₹  74,500",Florence
r48745103,,,quartz,23 mm,round,steel,sapphire crystal,grey,steel & yellow gold pvd,silver & yellow gold,7.61E+12,on dial ,women ,30,    2 years,switzerland ,"₹  64,200",Florence
r20204712,,date,quartz,31 mm,rectangular,ceramic & yellow gold pvd,sapphire crystal,black,ceramic & yellow gold pvd,black & yellow gold,7.61E+12,on dial ,men ,30,    2 years,switzerland ,"₹  2,20,500",Integral
r27014152,folding clasp,,quartz,39 mm,round,steel & blue pvd,sapphire crystal,blue,steel & blue pvd,blue,7.61E+12,,men ,30,    2 years,switzerland ,"₹  2,04,200",True Thinline My Bird
r14060156,,,automatic,43 mm,round,ceramic,sapphire crystal,black,leather,black,7.61E+12,,men ,50,,switzerland ,"₹  2,48,400",DiaMaster
r30036752,,date,automatic,38 mm,round,steel & rose gold pvd,sapphire crystal,brown,steel & rose gold pvd,brown & rose gold,7.61E+12,on dial ,men ,30,    2 years,switzerland ,"₹  2,20,500",Centrix Automatic Diamonds
r30036732,,date,automatic,38 mm,round,steel & rose gold pvd,sapphire crystal,black,steel & rose gold pvd,black & rose gold,7.61E+12,on dial ,men ,30,    2 years,switzerland ,"₹  2,20,500",Centrix
r20613712,,,quartz,22 mm,rectangular,steel & ceramic,sapphire crystal,black,steel & ceramic,silver & black,7.61E+12,on dial ,women ,30,    2 years,switzerland ,"₹  2,00,000",Integral
r30036762,,date,automatic,38 mm,round,steel & rose gold pvd,sapphire crystal,silver,steel & rose gold pvd,black & rose gold,7.61E+12,on dial ,men ,30,    2 years,switzerland ,"₹  2,20,500",Centrix Automatic Diamonds
r27007092,folding clasp,,quartz,39 mm,round,high-tech ceramic,sapphire crystal,silver,high-tech ceramic,white,7.61E+12,,men ,30,    2 year,switzerland ,"₹  1,81,500",True Thinline
r32501206,, unidirectional rotating bezel,automatic,45 mm,round,ceramic & titanium,sapphire crystal,blue,fabric,blue,7.61E+12,,men ,200,    2 year,switzerland ,"₹  2,13,700",HyperChrome
r22897923,folding clasp,,quartz,27 mm,round,steel & rose gold pvd,sapphire crystal,mop,steel & rose gold pvd,silver & rose gold,7.61E+12,on dial ,women ,50,    2 year,switzerland ,"₹  1,40,300",Coupole Classic
r48792183,,date,quartz,35 mm,round,steel,sapphire crystal,black,steel,silver,,,men ,30,    2 years,switzerland ,"₹  61,100",Florence
r48871713,,date,quartz,28 mm,round,steel & yellow gold pvd,sapphire crystal,black,steel & yellow gold pvd,silver & yellow gold,7.61E+12,on dial ,women ,30,    2 years,switzerland ,"₹  88,500",Florence Classic Diamonds
r48874153,,date,quartz,28 mm,round,steel,sapphire crystal,grey,steel,silver,7.61E+12,,women ,30,    2 years,switzerland ,"₹  74,500",Florence
r27238152,,date,quartz,40 mm,round,ceramic,,black,ceramic,black,7.61E+12,,men ,50,    2 years,switzerland ,"₹  1,54,500",True Diamonds
r12413584,,day-date,automatic,35 mm,oval,steel & yellow gold pvd,sapphire crystal,black,ceramic & yellow gold pvd,black & yellow gold,7.61E+12,on dial ,men ,30,    2 years,switzerland ,"₹  1,02,700",The Original Automatic
r48867713,,date,quartz,38 mm,round,steel,sapphire crystal,black,steel & yellow gold pvd,silver & yellow gold,7.61E+12,on dial ,men ,30,    2 years,switzerland ,"₹  88,500",Florence
r48867714,,date,quartz,38 mm,round,steel & rose gold pvd,sapphire crystal,black,steel & rose gold pvd,rose gold,7.61E+12,on dial ,men ,30,    2 years,switzerland ,"₹  93,100",Florence
r30554712,,date,quartz,38 mm,round,steel & rose gold pvd,sapphire crystal,black,ceramic & rose gold pvd,black & rose gold,7.61E+12,on dial ,men ,30,    2 years,switzerland ,"₹  1,60,000",Centrix Diamonds
r30555712,,date,quartz,28 mm,round,steel & rose gold pvd,sapphire crystal,black,ceramic & rose gold pvd,black & rose gold,7.61E+12,on dial ,women ,30,    2 years,switzerland ,"₹  1,50,500",Centrix Diamonds
r30927713,,date,quartz,38 mm,round,steel,sapphire crystal,black,steel,silver,7.61E+12,on dial ,men ,30,    2 years,switzerland ,"₹  1,15,600",Centrix Diamonds
r30931713,,date,quartz,38 mm,round,steel,sapphire crystal,silver,steel & yellow gold pvd,silver & yellow gold,7.61E+12,on dial ,men ,30,    2 years,switzerland ,"₹  1,20,700",Centrix Diamonds
r30555103,,date,quartz,28 mm,round,steel & rose gold pvd,sapphire crystal,silver,steel & rose gold pvd,silver & rose gold,7.61E+12,,women ,30,    2 years,switzerland ,"₹  90,500",Centrix
r12413193,,day-date,automatic,35 mm,oval,steel & yellow gold pvd,sapphire crystal,champagne,steel & yellow gold pvd,yellow gold,7.61E+12,on dial ,men ,30,    2 years,switzerland ,"₹  1,02,900",The Original Automatic
r48873183,,date,quartz,28 mm,round,steel & rose gold pvd,sapphire crystal,black,steel & rose gold pvd,rose gold,7.61E+12,,women ,30,    2 years,switzerland ,"₹  88,200",Florence Classic Diamonds
r30183752,,date,automatic,28 mm,round,steel & brown pvd,sapphire crystal,brown,steel & ceramic,brown,7.61E+12,on dial ,women ,30,    2 years,switzerland ,"₹  2,18,900",Centrix Automatic Diamonds
r30554103,,date,quartz,38 mm,round,steel & rose gold pvd,sapphire crystal,silver,steel & rose gold pvd,silver & rose gold,7.61E+12,,men ,30,    2 years,switzerland ,"₹  1,00,100",Centrix
r27238712,,date,quartz,40 mm,round,ceramic,,black,ceramic,black,7.61E+12,,men ,50,    2 years,switzerland ,"₹  1,54,500",True Diamonds
r48869733,,date,quartz,38 mm,round,steel & rose gold pvd,sapphire crystal,silver,steel & rose gold pvd,silver & rose gold,7.61E+12,on dial ,men ,30,    2 years,switzerland ,"₹  88,500",Florence Classic Diamonds
r48870153,,date,quartz,38 mm,round,steel,sapphire crystal,black,steel,silver,7.61E+12,,men ,30,    2 year,switzerland ,"₹  74,500",Florence
r30930712,,date,quartz,28 mm,round,ceramic & yellow gold pvd,sapphire crystal,black,ceramic & yellow gold pvd,black & yellow gold,7.61E+12,on dial ,women ,30,    2 years,switzerland ,"₹  1,50,700",Centrix Diamonds
r32259163,, date,quartz,44.9 mm,round,steel & ceramic,sapphire crystal,grey,steel,silver,7.61E+12,,men ,100,    2 years,switzerland ,"₹  1,55,000",HyperChrome
r48793103,,date,quartz,35 mm,round,steel,sapphire crystal,silver,steel & yellow gold pvd,silver & yellow gold,7.61E+12,,men ,30,    2 years,switzerland ,"₹  67,000",Florence
r30934712,,date,quartz,38 mm,round,steel,sapphire crystal,black,steel & ceramic,silver & black,7.61E+12,on dial ,men ,30,    2 years,switzerland ,"₹  1,50,700",Centrix Diamonds
r27056732,,date,automatic,40 mm,round,ceramic,sapphire crystal,black,ceramic,black,7.61E+12,on dial ,men ,50,    2 years,switzerland ,"₹  2,05,000",TRUE
r48869734,,date,quartz,38 mm,round,steel & rose gold pvd,sapphire crystal,white,steel & rose gold pvd,rose gold,7.61E+12,on dial ,men ,30,    2 year,switzerland ,"₹  93,100",Florence
r48793153,,date,quartz,35 mm,round,steel & yellow gold pvd,sapphire crystal,black,steel & yellow gold pvd,silver & yellow gold,7.61E+12,,men ,30,    2 year,switzerland ,"₹  63,800",Florence
r32502103,,date,quartz,44.9 mm,round,ceremic & steel,sapphire crystal,silver,steel,silver,7.61E+12,,men ,100,    2 year,switzerland ,"₹  1,15,200",HyperChrome
r30134162,, date,quartz,40 mm,round,ceramic & yellow gold pvd,sapphire crystal,black,ceramic & yellow gold pvd,black & yellow gold,7.61E+12,,men ,30,    2 years,switzerland ,"₹  1,96,000",Centrix
r30187172,, date,quartz,40 mm,round,steel & rose gold pvd,sapphire crystal,black,steel & ceramic,black & rose gold,7.61E+12,,men ,50,    2 years,switzerland ,"₹  1,95,400",Centrix Chronograph
r48792723,,date,quartz,35 mm,round,steel,sapphire crystal,black,steel,silver,7.61E+12,,men ,30,    2 years,switzerland ,"₹  70,300",Florence
r30930152,,date,quartz,28 mm,round,ceramic & yellow gold pvd,sapphire crystal,black,ceramic & yellow gold pvd,black & yellow gold,7.61E+12,,women ,30,    2 years,switzerland ,"₹  1,22,100",Centrix
r12393633,,day-date,quartz,35.1 mm,oval,steel & yellow gold pvd,sapphire crystal,champagne,steel & yellow gold pvd,yellow gold,7.61E+12,on dial ,men ,30,    2 years,switzerland ,"₹  70,200",The Original
r30941702,,date,automatic,38 mm,round,ceramic,sapphire crystal,black,ceramic,silver & black,7.61E+12,on dial ,men ,30,    2 years,switzerland ,"₹  1,94,500",Centrix Automatic Diamonds
r12638173,, date,quartz,38.5 mm,oval,steel,sapphire crystal,blue,steel,silver,7.61E+12,,men ,100,    2 years,switzerland ,"₹  1,25,300",New Original Chronograph
r30931103,,date,quartz,38 mm,round,steel,sapphire crystal,silver,steel & yellow gold pvd,silver & yellow gold,7.61E+12,,men ,30,    2 years,switzerland ,"₹  1,00,600",Centrix
r12949153,, date,quartz,38.5 mm,oval,steel & yellow gold pvd,sapphire crystal,black,steel & yellow gold pvd,yellow gold,7.61E+12,,men ,30,    2 years,switzerland ,"₹  1,48,500",New Original Chronograph
r30932103,,date,quartz,28 mm,round,steel,sapphire crystal,silver,steel & yellow gold pvd,silver & yellow gold,7.61E+12,,women ,30,    2 years,switzerland ,"₹  90,500",Centrix
r20207712,,date,quartz,31 mm,rectangular,ceramic & rose gold pvd,sapphire crystal,black,ceramic & rose gold pvd,black & rose gold,7.61E+12,on dial ,women ,50,    2 years,switzerland ,"₹  2,20,500",Integral
r27056712,,date,automatic,40 mm,round,ceramic,sapphire crystal,black,ceramic,black,7.61E+12,on dial ,men ,50,    2 years,switzerland ,"₹  1,84,500",TRUE
r30929712,,date,quartz,38 mm,round,steel & yellow gold pvd,sapphire crystal,black,ceramic & yellow gold pvd,black & yellow gold,7.61E+12,on dial ,men ,30,    2 years,switzerland ,"₹  1,60,900",Centrix Diamonds
r32502153,,date,quartz,44.9 mm,round,ceremic & steel,sapphire crystal,black,steel,silver,7.61E+12,,men ,100,    2 year,switzerland ,"₹  1,05,200",HyperChrome
r30001152,,date,automatic,42 mm,round,ceremic & steel,sapphire crystal,black,steel & rose gold pvd,black & rose gold,7.61E+12,,men ,100,    2 year,switzerland ,"₹  1,90,700",Centrix
r30183722,,date,automatic,28 mm,round,steel & rose gold pvd,sapphire crystal,brown,ceramic & rose gold pvd,black & rose gold,7.61E+12,on dial ,women ,30,    2 years,switzerland ,"₹  2,03,900",Centrix Automatic Diamonds
r30929152,,date,quartz,38 mm,round,steel & yellow gold pvd,sapphire crystal,black,ceramic & yellow gold pvd,black & yellow gold,7.61E+12,,men ,30,    2 years,switzerland ,"₹  1,32,700",Centrix
r22861755,,date,automatic,38 mm,round,steel,sapphire crystal,black,,brown,7.61E+12,,men ,50,    2 years,switzerland ,"₹  1,55,000",Coupole
r12999153,folding clasp,day-date,automatic,38.5 mm,oval,steel & yellow gold pvd,sapphire crystal,,steel & yellow gold pvd,yellow gold,7.61E+12,,men ,100,    2 years,switzerland ,"₹  1,77,500",The Original Automatic
r27955022,,,quartz,39 mm,round,ceramic,sapphire crystal,blue,,grey,7.61E+12,,men ,30,    2 years,switzerland ,"₹  2,04,800",TRUE
r48869173,,date,quartz,38 mm,round,steel & rose gold pvd,sapphire crystal,black,steel & rose gold pvd,silver & rose gold,7.61E+12,,men ,30,    2 year,switzerland ,"₹  88,500",Florence
r27059722,,date,quartz,30 mm,round,ceramic,sapphire crystal,black,ceramic,black,7.61E+12,on dial ,women ,50,    2 year,switzerland ,"₹  1,48,000",TRUE
r32502313,,date,quartz,44.9 mm,round,steel,sapphire crystal,green,steel,silver,7.61E+12,,men ,100,    2 years,switzerland ,"₹  1,05,200",HyperChrome
r48873173,,date,quartz,28 mm,round,steel & rose gold pvd,sapphire crystal,black,steel & rose gold pvd,silver & rose gold,7.61E+12,,women ,30,    2 years,switzerland ,"₹  83,900",Florence Classic Diamonds
r30928713,,date,quartz,28 mm,round,steel,sapphire crystal,black,steel,silver,7.61E+12,on dial ,women ,30,    2 years,switzerland ,"₹  1,05,500",Centrix Diamonds
r12413313,,day-date,automatic,35 mm,oval,steel & yellow gold pvd,sapphire crystal,champagne,steel & yellow gold pvd,yellow gold,7.61E+12,on dial ,men ,30,    2 years,switzerland ,"₹  1,02,700",The Original Automatic
r27956722,,,quartz,30 mm,round,steel & ceramic,sapphire crystal,grey,ceramic,grey,7.61E+12,on dial ,women ,30,    2 years,switzerland ,"₹  2,14,000",True Thinline Diamonds
r22854023,,,quartz,27 mm,round,steel,sapphire crystal,silver,steel & ceramic,silver & rose gold,7.61E+12,,women ,50,    2 years,switzerland ,"₹  97,500",Coupole
r30036712,,date,automatic,38 mm,round,steel & rose gold pvd,sapphire crystal,black,ceramic & rose gold pvd,black & rose gold,7.61E+12,on dial ,men ,30,    2 years,switzerland ,"₹  2,05,000",Centrix Automatic Diamonds
r30935712,,date,quartz,28 mm,round,steel,sapphire crystal,black,steel & ceramic,silver & black,7.61E+12,on dial ,women ,30,    2 years,switzerland ,"₹  1,40,800",Centrix Diamonds
r30248712,,open balance wheel,automatic,33 mm,round,steel & rose gold pvd,sapphire crystal,brown,ceramic & rose gold pvd,brown,7.61E+12,on dial ,women ,30,    2 years,switzerland ,"₹  2,25,500",Centrix Automatic Diamonds Open Heart
r30248902,,open balance wheel,automatic,33 mm,round,steel & rose gold pvd,sapphire crystal,mop,ceramic & rose gold pvd,white & rose gold,7.61E+12,on dial ,women ,30,    2 years,switzerland ,"₹  2,29,500",Centrix
r30527152,,date,quartz,38 mm,round,steel & rose gold pvd,sapphire crystal,black,ceramic & rose gold pvd,black & rose gold,7.61E+12,,men ,30,    2 years,switzerland ,"₹  1,33,300",Centrix
r22861115,,date,automatic,37.7 mm,round,steel & rose gold pvd,sapphire crystal,cream,leather,brown,7.61E+12,,men ,50,    2 years,switzerland ,"₹  1,11,700",Coupole
r22861165,,date,automatic,38 mm,round,steel & rose gold pvd,sapphire crystal,black,leather,brown,7.61E+12,,men ,50,    2 years,switzerland ,"₹  1,11,700",Coupole
r22861765,,date,automatic,37.7 mm,round,steel & rose gold pvd,sapphire crystal,champagne,leather,brown,7.61E+12,on dial ,men ,50,    2 years,switzerland ,"₹  1,55,000",Coupole
r22883915,,date,quartz,34 mm,round,steel,sapphire crystal,mop,leather,blue,7.61E+12,,women ,50,    2 year,switzerland ,"₹  1,02,100",Coupole
r22852713,,date,quartz,36 mm,round,steel,sapphire crystal,silver,steel & rose gold pvd,silver & rose gold,7.61E+12,on dial ,men ,30,    2 years,switzerland ,"₹  1,32,800",Coupole
r22853924,,date,quartz,36 mm,round,steel & rose gold pvd,sapphire crystal,mop,steel & rose gold pvd,silver & rose gold,7.61E+12,on dial ,men ,30,    2 years,switzerland ,"₹  1,63,600",Coupole
r22854913,,,quartz,27 mm,round,steel,sapphire crystal,mop,steel & rose gold pvd,silver & rose gold,7.61E+12,on dial ,women ,50,    2 years,switzerland ,"₹  1,15,100",Coupole
r22887929,,,quartz,27 mm,round,steel & rose gold pvd,sapphire crystal,mop,steel & rose gold pvd,silver & rose gold,7.61E+12,on dial ,women ,50,    2 year,switzerland ,"₹  1,23,500",Coupole
r12408633,,day-date,automatic,34 mm,oval,steel,sapphire crystal,gold,two tone,,7.61E+12,on dial ,men ,30,    2 years,switzerland ,"₹  1,16,700",Original
r12413033,,day-date,automatic,35 mm,oval,steel & yellow gold pvd,sapphire crystal,champagne,steel & yellow gold pvd,yellow gold,7.61E+12,on dial ,men ,30,    2 years,switzerland ,"₹  1,02,700",The Original Automatic
r12413343,,day-date,automatic,35 mm,oval,steel & yellow gold pvd,sapphire crystal,champagne,steel & yellow gold pvd,yellow gold,7.61E+12,on dial ,men ,30,    2 years,switzerland ,"₹  90,500",The Original Automatic
r12413493,,day-date,automatic,35 mm,oval,steel & yellow gold pvd,sapphire crystal,champagne,steel & yellow gold pvd,yellow gold,7.61E+12,on dial ,men ,30,    2 years,switzerland ,"₹  90,200",The Original Automatic
r12413773,,day-date,automatic,35 mm,oval,steel & yellow gold pvd,sapphire crystal,red,steel & yellow gold pvd,yellow gold,7.61E+12,,men ,30,    2 years,switzerland ,"₹  1,22,100",The Original Automatic
r12413804,,day-date,automatic,42 mm,oval,steel,sapphire crystal,gold,steel,,7.61E+12,on dial ,men ,30,    2 years,switzerland ,"₹  1,01,600",Original
r12416394,,date,automatic,27.3 mm,oval,steel & yellow gold pvd,sapphire crystal,champagne,steel & yellow gold pvd,yellow gold,7.61E+12,on dial ,women ,30,    2 years,switzerland ,"₹  1,02,700",The Original Automatic
r12638163,, date,quartz,38.5 mm,oval,steel,sapphire crystal,black,steel,silver,7.61E+12,,men ,100,    2 years,switzerland ,"₹  1,25,300",New Original Chronograph
r12391633,,day-date,quartz,35.1 mm,oval,steel,sapphire crystal,champagne,steel & yellow gold pvd,silver & yellow gold,7.61E+12,on dial ,men ,30,    2 years,switzerland ,"₹  60,400",The Original
r21700722,,,quartz,30 mm,square,ceramic,sapphire crystal,black,ceramic,black,7.61E+12,on dial ,unisex ,50,    2 years,switzerland ,"₹  2,29,500",Ceramica
r48743153,,date,quartz,33 mm,round,steel,sapphire crystal,black,steel & yellow gold pvd,silver & yellow gold,7.61E+12,,men ,30,    2 years,switzerland ,"₹  55,700",Florence
r48745153,,,quartz,23 mm,round,steel & yellow gold pvd,sapphire crystal,black,steel & yellow gold pvd,silver & yellow gold,7.61E+12,on dial ,women ,30,    2 years,switzerland ,"₹  64,200",Florence
r48867153,,date,quartz,38 mm,round,steel & ceramic,sapphire crystal,black,steel & yellow gold pvd,silver & yellow gold,7.61E+12,,men ,30,    2 years,switzerland ,"₹  74,500",Florence Classic
r48868253,,date,quartz,38 mm,round,steel & yellow gold pvd,sapphire crystal,champagne,steel & yellow gold pvd,yellow gold,7.61E+12,,men ,30,    2 years,switzerland ,"₹  74,500",Florence
r48868263,,date,quartz,38 mm,round,steel & yellow gold pvd,sapphire crystal,champagne,steel & yellow gold pvd,silver & yellow gold,7.61E+12,,men ,30,    2 year,switzerland ,"₹  88,500",Florence
r48869183,,date,quartz,38 mm,round,steel & rose gold pvd,sapphire crystal,black,steel & rose gold pvd,rose gold,7.61E+12,,men ,30,    2 year,switzerland ,"₹  93,100",Florence Classic Diamonds
r48871153,,date,quartz,28 mm,round,steel & yellow gold pvd,sapphire crystal,black,steel & yellow gold pvd,silver & yellow gold,7.61E+12,,women ,30,    2 years,switzerland ,"₹  74,500",Florence Classic
r48872263,,date,quartz,28 mm,round,steel & yellow gold pvd,sapphire crystal,champagne,steel & yellow gold pvd,yellow gold,7.61E+12,,women ,30,    2 years,switzerland ,"₹  88,500",Florence Classic Diamonds
r48873733,,date,quartz,28 mm,round,steel & rose gold pvd,sapphire crystal,silver,steel & rose gold pvd,silver & rose gold,7.61E+12,on dial ,women ,30,    2 years,switzerland ,"₹  88,500",Florence Classic Diamonds
r48873734,,date,quartz,28 mm,round,steel & rose gold pvd,sapphire crystal,silver,steel & rose gold pvd,rose gold,7.61E+12,,women ,30,    2 years,switzerland ,"₹  93,100",Florence Classic Diamonds
r30122122,, date,quartz,40 mm,round,steel,sapphire crystal,grey,steel & ceramic,grey,7.61E+12,,men ,30,    2 years,switzerland ,"₹  1,91,000",Centrix
r30248012,,open balance wheel,automatic,33 mm,round,steel & rose gold pvd,sapphire crystal,silver,steel & rose gold pvd,multicolor,7.61E+12,,women ,30,    2 years,switzerland ,"₹  1,75,000",Centrix Automatic Open Heart
r22877025,,date,automatic,41 mm,round,steel & rose gold pvd,sapphire crystal,white,leather,brown,7.61E+12,,men ,50,    2 years,switzerland ,"₹  1,21,000",Coupole Classic Automatic
r12413243,,day-date,automatic,35 mm,oval,steel & yellow gold pvd,sapphire crystal,champagne,steel & yellow gold pvd,yellow gold,7.61E+12,on dial ,men ,30,    2 years,switzerland ,"₹  99,600",The Original Automatic
r48793154,,date,quartz,35 mm,round,ceramic,sapphire crystal,black,steel & yellow gold pvd,yellow gold,7.61E+12,on dial ,men ,30,    2 years,switzerland ,"₹  60,500",Florence
r22855924,,,quartz,27 mm,round,steel & rose gold pvd,sapphire crystal,mop,steel & rose gold pvd,silver & rose gold,7.61E+12,on dial ,women ,50,    2 years,switzerland ,"₹  1,46,000",Coupole Classic Diamonds
r30934162,,date,quartz,38 mm,round,ceramic,sapphire crystal,black,steel & ceramic,silver & black,7.61E+12,,men ,30,    2 years,switzerland ,"₹  1,22,700",Centrix
r30928153,,date,quartz,28 mm,round,steel,sapphire crystal,black,steel,silver,7.61E+12,,women ,30,    2 years,switzerland ,"₹  80,800",Centrix
r27056872,,date,automatic,40 mm,round,ceramic,sapphire crystal,black,ceramic,black,7.61E+12,on dial ,men ,50,    2 years,switzerland ,"₹  2,05,000",TRUE
r27071182,,,automatic,40 mm,round,ceramic,sapphire crystal,black,ceramic,black,7.61E+12,,men ,50,    2 years,switzerland ,"₹  1,85,200",TRUE
r48899203,folding clasp,date,automatic,28 mm,round,steel,sapphire crystal,blue,steel,silver,7.61E+12,on dial ,women ,30,    2 year,switzerland ,"₹  97,600",Florence
r48901103,folding clasp,date,automatic,38 mm,round,steel,sapphire crystal,white,steel & rose gold pvd,silver & rose gold,7.61E+12,,men ,30,    2 years,switzerland ,"₹  97,600",Florence Classic Automatic
r48901123,folding clasp,date,automatic,38 mm,round,steel,sapphire crystal,silver,steel,silver,7.61E+12,,men ,30,    2 year,switzerland ,"₹  1,02,400",Florence
r27056842,folding clasp,date,automatic,40 mm,round,ceramic,sapphire crystal,mop,ceramic,grey,7.61E+12,on dial ,men ,50,    2 year,switzerland ,"₹  2,04,100",TRUE
r27057732,,date,quartz,40 mm,round,ceramic,sapphire crystal,grey,ceramic,grey,7.61E+12,on dial ,men ,50,    2 year,switzerland ,"₹  2,14,000",TRUE
r27059712,,date,quartz,30 mm,round,ceramic,sapphire crystal,black,ceramic,black,7.61E+12,on dial ,women ,50,    2 years,switzerland ,"₹  1,54,100",TRUE
r27060712,,date,quartz,30 mm,round,ceramic,sapphire crystal,grey,ceramic,grey,7.61E+12,on dial ,women ,50,    2 year,switzerland ,"₹  1,58,300",TRUE
r32111162,, date,automatic,45 mm,round,steel & ceramic,sapphire crystal,black,ceramic,black,7.61E+12,,men ,100,    2 years,switzerland ,"₹  4,37,200",HyperChrome
r32118102,, date,automatic,45 mm,round,ceramic,sapphire crystal,grey,ceramic,grey,7.61E+12,,men ,100,    2 years,switzerland ,"₹  4,37,400",HyperChrome
r32259156,, date,quartz,44.9 mm,round,steel & ceramic,sapphire crystal,black,leather,black,7.61E+12,,men ,100,    2 years,switzerland ,"₹  1,28,700",HyperChrome
r22877165,,date,automatic,41 mm,round,steel & rose gold pvd,sapphire crystal,black,leather,brown,7.61E+12,,men ,50,    2 years,switzerland ,"₹  1,21,000",Coupole Classic Automatic
r14138206,, power reserve indicator,automatic,43 mm,round,ceramic,sapphire crystal,blue,leather,black,7.61E+12,,men ,100,    2 year,switzerland ,"₹  2,04,800",DiaMaster
r30942702,,date,automatic,28 mm,round,steel,sapphire crystal,black,steel & ceramic,silver & black,7.61E+12,on dial ,women ,30,    2 years,switzerland ,"₹  1,95,100",Centrix
r27741182,,,quartz,39 mm,round,ceramic,sapphire crystal,black,ceramic,black,7.61E+12,,men ,30,    2 years,switzerland ,"₹  1,86,100",True Thinline
r27741712,,,quartz,39 mm,round,steel & ceramic,sapphire crystal,black,ceramic,black,7.61E+12,on dial ,men ,30,    2 years,switzerland ,"₹  2,14,000",True Thinline Diamonds
r32259313,, date,quartz,44.9 mm,round,steel & ceramic,sapphire crystal,green,steel,silver,7.61E+12,,men ,100,    2 years,switzerland ,"₹  1,45,000",HyperChrome Chronograph
r32502203,,date,quartz,45 mm,round,steel,sapphire crystal,blue,steel,silver,7.61E+12,,men ,100,    2 years,switzerland ,"₹  1,05,200",HyperChrome
r22850163,,,quartz,33 mm,round,steel,sapphire crystal,black,steel & rose gold pvd,silver & rose gold,7.61E+12,,unisex ,50,    2 years,switzerland ,"₹  1,10,700",Coupole
r30527253,,date,quartz,38 mm,round,steel & yellow gold pvd,sapphire crystal,champagne,steel & yellow gold pvd,yellow gold,7.61E+12,,men ,30,    2 years,switzerland ,"₹  1,09,500",Centrix
r48899103,folding clasp,date,automatic,28 mm,round,steel,sapphire crystal,white,steel & rose gold pvd,silver & rose gold,7.61E+12,,women ,30,    2 years,switzerland ,"₹  97,600",Florence Classic Automatic
r48899123,,date,automatic,28 mm,round,steel,sapphire crystal,silver,steel,silver,7.61E+12,,women ,30,    2 year,switzerland ,"₹  1,02,400",Florence
r12413583,,day-date,automatic,35 mm,oval,cvd coated hardmetal,sapphire crystal,black,steel & yellow gold pvd,yellow gold,7.61E+12,on dial ,men ,30,    2 years,switzerland ,"₹  96,300",Original
r30181103,,open balance wheel,automatic,38 mm,round,steel & rose gold pvd,sapphire crystal,,steel & rose gold pvd,silver & rose gold,7.61E+12,,men ,30,    2 years,switzerland ,"₹  1,75,000",Centrix
r30527713,,date,quartz,38 mm,round,steel & yellow gold pvd,sapphire crystal,black,steel & yellow gold pvd,yellow gold,7.61E+12,on dial ,men ,30,    2 years,switzerland ,"₹  1,40,400",Centrix
r20199722,folding clasp,,quartz,22.7 mm,rectangular,ceramic & rose gold pvd,sapphire crystal,brown,ceramic & rose gold pvd,brown,7.61E+12,on dial ,women ,50,    2 year,switzerland ,"₹  2,20,500",Integral
r30178152,,,automatic,38 mm,round,ceramic,sapphire crystal,silver,steel & ceramic,silver & black,7.61E+12,,men ,30,    2 years,switzerland ,"₹  1,89,500",Centrix
r27955122,,,quartz,39 mm,round,ceramic,sapphire crystal,grey,ceramic,black,7.61E+12,,men ,30,    2 years,switzerland ,"₹  2,04,800",TRUE
r14068026,,date,automatic,41 mm,round,steel & rose gold pvd,sapphire crystal,white,leather,brown,7.61E+12,,men ,50,    2 year,switzerland ,"₹  1,95,100",DiaMaster
r48742163,,date,quartz,32.5 mm,round,steel,sapphire crystal,black,steel,silver,7.61E+12,on bezel & dial ,women ,30,    2 years,switzerland ,"₹  65,700",Florence
r32259105,, date,quartz,44.9 mm,round,steel & ceramic,sapphire crystal,silver,leather,black,7.61E+12,,men ,100,    2 years,switzerland ,"₹  1,28,700",HyperChrome
r30953152,,date,automatic,38 mm,round,steel & rose gold pvd,sapphire crystal,black,ceramic & rose gold pvd,black & rose gold,7.61E+12,,men ,30,    2 years,switzerland ,"₹  1,61,000",Centrix
r12413263,,day-date,automatic,35 mm,oval,steel & yellow gold pvd,sapphire crystal,black,steel & yellow gold pvd,yellow gold,7.61E+12,,men ,30,    2 years,switzerland ,"₹  90,200",The Original Automatic
r12413613,,day-date,automatic,35 mm,oval,steel & yellow gold pvd,sapphire crystal,black,steel & yellow gold pvd,yellow gold,7.61E+12,,men ,30,    2 years,switzerland ,"₹  90,200",The Original Automatic
r14061706,,date,automatic,43 mm,round,ceramic,sapphire crystal,white,leather,brown,7.61E+12,on dial ,men ,,,switzerland ,"₹  2,70,600",DiaMaster
r22859924,,,quartz,28 mm,round,steel & rose gold pvd,sapphire crystal,mop,steel & rose gold pvd,rose gold,7.61E+12,on bezel & dial ,women ,50,    2 years,switzerland ,"₹  2,42,500",Coupole
r27742712,,,quartz,30 mm,round,ceramic,sapphire crystal,black,ceramic,black,7.61E+12,on dial ,women ,50,    2 years,switzerland ,"₹  2,04,800",True Thinline Diamonds
r27057712,folding clasp,date,automatic,40 mm,round,ceramic,sapphire crystal,grey,ceramic,grey,7.61E+12,on dial ,men ,50,    2 year,switzerland ,"₹  1,95,500",TRUE
r30035712,,date,automatic,38 mm,round,ceramic,sapphire crystal,black,,black & yellow gold,7.61E+12,on dial ,men ,50,    2 years,switzerland ,"₹  2,05,000",Centrix Automatic Diamonds
r14061306,,date,automatic,43 mm,round,ceramic,sapphire crystal,grey,leather,brown,7.61E+12,,men ,50,    2 year,switzerland ,"₹  2,57,400",DiaMaster
r12413494,,day-date,automatic,35 mm,oval,steel & yellow gold pvd,sapphire crystal,champagne,steel & yellow gold pvd,yellow gold,7.61E+12,on dial ,men ,30,    2 years,switzerland ,"₹  97,700",Original
r27239712,,date,quartz,40 mm,round,ceramic,sapphire crystal,grey,ceramic,grey,7.61E+12,on dial ,men ,50,    2 years,switzerland ,"₹  1,67,500",True Diamonds
r30002162,,date,automatic,42 mm,round,steel,sapphire crystal,black,ceramic,silver & black,7.61E+12,,men ,100,    2 years,switzerland ,"₹  1,86,300",Centrix Automatic
r48742153,,date,quartz,33 mm,round,steel,sapphire crystal,black,steel,silver,7.61E+12,,men ,30,    2 years,switzerland ,"₹  52,000",Flourence
r27238162,,date,quartz,40 mm,round,ceramic,sapphire crystal,black,ceramic,black,7.61E+12,,men ,50,    2 years,switzerland ,"₹  1,34,400",TRUE
r12416393,,date,automatic,27.3 mm,oval,steel & yellow gold pvd,sapphire crystal,champagne,steel & yellow gold pvd,yellow gold,7.61E+12,on dial ,women ,30,    2 years,switzerland ,"₹  1,02,700",The Original Automatic
r20219712,folding clasp,date,quartz,31 mm,rectangular,ceramic & rose gold pvd,sapphire crystal,black,ceramic & rose gold pvd,brown,7.61E+12,on dial ,men ,50,    2 year,switzerland ,"₹  2,20,500",Integral
r22878022,, power reserve indicator,automatic,41 mm,round,steel,sapphire crystal,silver,steel & ceramic,silver & rose gold,7.61E+12,,men ,50,    2 years,switzerland ,"₹  1,63,200",Coupole
r30927103,,date,quartz,38 mm,round,steel,sapphire crystal,silver,steel,silver,7.61E+12,,men ,30,    2 years,switzerland ,"₹  90,500",Centrix
r30529103,,date,automatic,38 mm,round,steel,sapphire crystal,silver,steel & yellow gold pvd,silver & yellow gold,7.61E+12,,men ,30,    2 years,switzerland ,"₹  1,33,300",Centrix
r30157162,,day-date,automatic,38 mm,round,,sapphire crystal,black,,black & yellow gold,7.61E+12,,men ,50,    2 years,switzerland ,"₹  1,58,800",Centrix
r30158172,,day-date,automatic,38 mm,round,ceramic,sapphire crystal,black,ceramic,black & rose gold,7.61E+12,,men ,30,    2 years,switzerland ,"₹  1,58,800",Centrix
r30166152,,date,automatic,40 mm,round,steel & ceramic,sapphire crystal,black,steel & ceramic,silver & black,7.61E+12,,men ,30,    2 year,switzerland ,"₹  1,67,500",Centrix
r30179302,,open balance wheel,automatic,38 mm,round,steel,sapphire crystal,,steel & ceramic,multicolor,7.61E+12,,men ,30,    2 years,switzerland ,"₹  1,89,500",Centrix
r32108102,, date,automatic,45 mm,round,steel & ceramic,sapphire crystal,ivory,steel & ceramic,grey,7.61E+12,,men ,100,    2 years,switzerland ,"₹  4,14,500",HyperChrome
r27005902,folding clasp,,quartz,39 mm,round,ceramic,sapphire crystal,mop,ceramic,blue,7.61E+12,,men ,30,    2 years,switzerland ,"₹  1,86,100",True Thinline
r22894163,,open balance wheel,automatic,41 mm,round,steel,sapphire crystal,black,steel,silver,7.61E+12,,men ,50,    2 year,switzerland ,"₹  1,50,300",Coupole Classic
r48900113,folding clasp,date,automatic,28 mm,round,steel & rose gold pvd,sapphire crystal,cream,steel & rose gold pvd,silver & rose gold,7.61E+12,,women ,30,    2 year,switzerland ,"₹  97,600",Florence
r48742723,,date,quartz,28 mm,round,steel & yellow gold pvd,sapphire crystal,silver,steel & yellow gold pvd,silver & yellow gold,7.61E+12,on dial ,women ,30,    2 years,switzerland ,"₹  88,500",Florence
r12413614,,day-date,automatic,35 mm,oval,steel & yellow gold pvd,sapphire crystal,black,steel & yellow gold pvd,black & yellow gold,,,men ,30,    2 year,switzerland ,"₹  1,08,800",Original
r48793253,,date,quartz,35 mm,round,steel & yellow gold pvd,sapphire crystal,champagne,steel & yellow gold pvd,silver & yellow gold,7.61E+12,on dial ,men ,30,    2 years,switzerland ,"₹  67,000",Florence
r14135206,,date,quartz,40 mm,round,ceramic,sapphire crystal,blue,leather,brown,7.61E+12,,men ,100,    2 years,switzerland ,"₹  1,23,500",DiaMaster
r48869103,,date,quartz,38 mm,round,steel & rose gold pvd,sapphire crystal,silver,steel & rose gold pvd,silver & rose gold,7.61E+12,,men ,30,    2 year,switzerland ,"₹  79,100",Florence
r48745263,,,automatic,30 mm,round,steel & yellow gold pvd,sapphire crystal,yellow,steel & yellow gold pvd,yellow gold,,,women ,30,    2 year,switzerland ,"₹  61,100",Florence
r12413803,,day-date,automatic,35 mm,oval,steel & yellow gold pvd,sapphire crystal,champagne,steel & yellow gold pvd,yellow gold,7.61E+12,,unisex ,30,    2 years,switzerland ,"₹  90,200",The Original Automatic
r22850103,,,quartz,35 mm,round,steel,sapphire crystal,silver,steel & ceramic,silver & rose gold,7.61E+12,,unisex ,50,    2 years,switzerland ,"₹  1,10,700",Coupole
r30183762,folding clasp,date,automatic,28 mm,round,steel & rose gold pvd,sapphire crystal,silver,steel & rose gold pvd,black & rose gold,7.61E+12,on dial ,women ,30,    2 years,switzerland ,"₹  2,20,400",Centrix Automatic Diamonds
r32170015,,day-date,automatic,46 mm,cushion,ceramic,sapphire crystal,silver,leather,brown,7.61E+12,,men ,100,    2 year,switzerland ,"₹  2,52,900",HyperChrome
r30080762,folding clasp,date,automatic,28 mm,round,steel & yellow gold pvd,sapphire crystal,black,steel & yellow gold pvd,black & yellow gold,7.61E+12,on dial ,women ,30,    2 year,switzerland ,"₹  2,20,400",Centrix Automatic Diamonds
r48867173,,date,quartz,38 mm,round,steel & rose gold pvd,sapphire crystal,black,steel & rose gold pvd,silver & rose gold,7.61E+12,,men ,30,    2 year,switzerland ,"₹  88,500",Florence
r12416634,,date,automatic,27.3 mm,round,steel & yellow gold pvd,sapphire crystal,yellow,steel & yellow gold pvd,yellow gold,7.61E+12,on dial ,women ,30,    2 year,switzerland ,"₹  97,700",Original
r32252162,,date,automatic,42 mm,round,steel & ceramic,sapphire crystal,black,ceramic,black,7.61E+12,,men ,50,    2 years,switzerland ,"₹  2,50,000",HyperChrome
r22894203,,,automatic,41 mm,round,steel,sapphire crystal,blue,steel,silver,7.61E+12,,men ,50,    2 year,switzerland ,"₹  1,50,300",Coupole Classic
r14127152,,date,automatic,43 mm,round,ceramic,sapphire crystal,black,ceramic,black,7.61E+12,,men ,100,    2 years,switzerland ,"₹  2,86,500",DiaMaster
r20219722,folding clasp,date,quartz,31 mm,round,ceramic & rose gold pvd,sapphire crystal,black,ceramic & rose gold pvd,black & rose gold,7.61E+12,on dial ,men ,50,    2 year,switzerland ,"₹  2,25,500",Integral
r48900733,folding clasp,date,automatic,28 mm,round,steel & rose gold pvd,sapphire crystal,cream,steel & rose gold,silver & rose gold,7.61E+12,on dial ,women ,30,    2 year,switzerland ,"₹  1,16,400",Florence
r22894153,,open balance wheel,automatic,41 mm,round,steel,sapphire crystal,black,steel,silver,7.61E+12,,men ,50,    2 year,switzerland ,"₹  1,50,300",Coupole Classic
r48902113,folding clasp,date,automatic,38 mm,round,steel & rose gold pvd,sapphire crystal,cream,steel & rose gold pvd,silver & rose gold,7.61E+12,,men ,30,    2 year,switzerland ,"₹  97,600",Florence
r30928103,,date,quartz,28 mm,round,steel,sapphire crystal,silver,steel,silver,7.61E+12,,women ,30,    2 years,switzerland ,"₹  81,200",Centrix
r14053016,,date,automatic,43 mm,round,ceramic,sapphire crystal,white,leather,black,7.61E+12,,men ,50,    2 year,switzerland ,"₹  2,32,700",DiaMaster
r14053106,, small seconds,automatic,43 mm,round,ceramic,sapphire crystal,grey,leather,black,7.61E+12,,men ,50,    2 year,switzerland ,"₹  2,21,900",DiaMaster
r12416613,folding clasp,date,automatic,37.3 mm,round,cvd coated hardmetal,sapphire crystal,black,steel & yellow gold pvd,yellow gold,7.61E+12,,women ,30,    2 year,switzerland ,"₹  90,200",The Original Automatic
r30927123,,date,quartz,28 mm,round,steel,sapphire crystal,silver,steel & yellow gold pvd,silver & yellow gold,7.61E+12,on dial ,women ,30,    2 years,switzerland ,"₹  1,10,600",Centrix Diamonds
r27242852,folding clasp,date,automatic,30 mm,round,ceramic,sapphire crystal,mop,ceramic,black,7.61E+12,on bezel ,women ,50,    2 year,switzerland ,"₹  2,34,000",TRUE
r48901203,folding clasp,date,automatic,38 mm,round,steel,sapphire crystal,blue,steel,silver,7.61E+12,,men ,50,    2 year,switzerland ,"₹  1,02,400",Florence
r48902733,,date,automatic,38 mm,round,steel & rose gold pvd,sapphire crystal,silver,steel & rose gold pvd,silver & rose gold,7.61E+12,on dial ,men ,50,    2 year,switzerland ,"₹  1,16,400",Florence
r22897903,,,quartz,27 mm,round,steel,sapphire crystal,mop,steel,silver,7.61E+12,,women ,50,    2 years,switzerland ,"₹  1,24,100",Coupole Classic Diamonds
r22860074,folding clasp,date,automatic,37.7 mm,round,steel,sapphire crystal,silver,steel & ceramic,,7.61E+12,,men ,50,    2 year,switzerland ,"₹  1,10,900",Coupole Classic
r22860204,,date,automatic,37.7 mm,round,steel,sapphire crystal,blue,steel,silver,7.61E+12,,men ,50,    2 year,switzerland ,"₹  1,16,400",Coupole
r22860067,,date,automatic,37.7 mm,round,steel & rose gold pvd,mineral crystal,silver,steel & rose gold pvd,,7.61E+12,,men ,50,    2 year,switzerland ,"₹  1,25,600",Coupole Classic
r22860044,,date,automatic,37.7 mm,round,steel,sapphire crystal,silver,steel,silver,7.61E+12,,men ,50,    2 year,switzerland ,"₹  1,16,400",Coupole Classic
r12413523,,day-date,automatic,35 mm,oval,steel & yellow gold pvd,sapphire crystal,blue,steel & yellow gold pvd,yellow gold,7.61E+12,on dial ,men ,30,    2 years,switzerland ,"₹  1,22,100",The Original Automatic
r12413533,,day-date,automatic,35 mm,oval,steel & yellow gold pvd,sapphire crystal,,steel & yellow gold pvd,yellow gold,7.61E+12,on dial ,men ,30,    2 years,switzerland ,"₹  1,22,100",The Original Automatic
r12413573,,day-date,automatic,35 mm,oval,steel & yellow gold pvd,sapphire crystal,red,steel & yellow gold pvd,yellow gold,7.61E+12,,men ,30,    2 years,switzerland ,"₹  1,22,100",The Original Automatic
r12413503,folding clasp,day-date,automatic,35 mm,oval,steel & yellow gold pvd,sapphire crystal,yellow,steel & yellow gold pvd,yellow gold,7.61E+12,,men ,30,    2 year,switzerland ,"₹  1,22,100",The Original Automatic
r22862067,,,automatic,31.8 mm,round,steel & rose gold pvd,mineral crystal,silver,steel & rose gold pvd,,7.61E+12,,women ,50,    2 year,switzerland ,"₹  1,25,600",Coupole Classic
r32021102,folding clasp,,automatic,42 mm,round,ceramic,sapphire crystal,skeleton,ceramic,grey,7.61E+12,,men ,50,    2 years,switzerland ,"₹  2,75,600",HyperChrome Automatic Open Heart
r48743103,folding clasp,date,quartz,32 mm,round,steel & yellow gold pvd,sapphire crystal,silver,steel & yellow gold pvd,silver & yellow gold,7.61E+12,,men ,30,    2 year,switzerland ,"₹  58,500",Florence
r20206162,,date,quartz,31 mm,square,ceremic & steel,sapphire crystal,black,ceramic,silver & black,,,men ,50,    2 year,switzerland ,"₹  1,71,800",Integral
r12304313,,day-date,quartz,35 mm,oval,steel & yellow gold pvd,sapphire crystal,black,steel & yellow gold pvd,yellow gold,7.61E+12,on dial ,men ,30,    2 years,switzerland ,"₹  92,000",The Original
r30954152,,date,automatic,28 mm,round,steel & rose gold pvd,sapphire crystal,black,ceramic & rose gold pvd,black & rose gold,7.61E+12,,women ,30,    2 years,switzerland ,"₹  1,61,700",Centrix
r22862027,,,automatic,31.8 mm,round,steel & rose gold pvd,mineral crystal,silver,steel & rose gold pvd,,7.61E+12,,women ,50,    2 year,switzerland ,"₹  1,19,900",Coupole Classic
r22895165,,open balance wheel,automatic,41 mm,round,steel & rose gold pvd,sapphire crystal,brown,leather,brown,7.61E+12,,men ,50,    2 year,switzerland ,"₹  1,45,300",Coupole
r22895215,,open balance wheel,automatic,41 mm,round,steel,sapphire crystal,blue,leather,brown,7.61E+12,,men ,50,    2 years,switzerland ,"₹  1,45,300",Coupole Classic Open Heart Automatic
r22884923,, moon phase,quartz,34 mm,round,steel & rose gold pvd,sapphire crystal,mop,steel & rose gold pvd,rose gold,7.61E+12,on dial ,women ,50,    2 years,switzerland ,"₹  2,42,000",Coupole Classic Diamonds
r22857924,,,quartz,28 mm,round,steel & yellow gold pvd,sapphire crystal,mop,steel & yellow gold pvd,silver & yellow gold,7.61E+12,on dial ,women ,50,    2 years,switzerland ,"₹  1,46,000",Coupole
r22880205,folding clasp, small seconds,automatic,41 mm,round,steel,sapphire crystal,blue,leather,brown,7.61E+12,,men ,50,    2 year,switzerland ,"₹  1,64,300",Coupole Classic Automatic COSC
r12305304,,day-date,quartz,35 mm,oval,steel,sapphire crystal,yellow,steel & yellow gold pvd,silver & yellow gold,7.61E+12,on dial ,men ,100,    2 years,switzerland ,"₹  80,900",Original
r22895025,,open balance wheel,automatic,41 mm,round,steel & rose gold pvd,sapphire crystal,silver,leather,brown,7.61E+12,,men ,50,    2 year,switzerland ,"₹  1,45,300",Coupole Classic
r30162013,,date,automatic,40 mm,round,steel & rose gold pvd,sapphire crystal,silver,steel & rose gold pvd,silver & rose gold,7.61E+12,,men ,50,    2 year,switzerland ,"₹  1,54,300",Centrix
r30183742,folding clasp,date,automatic,28 mm,round,steel & rose gold pvd,sapphire crystal,silver,steel & ceramic,silver & rose gold,7.61E+12,on dial ,women ,30,    2 year,switzerland ,"₹  2,18,900",Centrix
r30248715,,open balance wheel,automatic,33 mm,round,steel & rose gold pvd,sapphire crystal,brown,leather,brown,7.61E+12,on dial ,women ,30,    2 years,switzerland ,"₹  1,85,200",Centrix
r32028302,,open balance wheel,automatic,42 mm,round,ceramic,sapphire crystal,brown,ceramic,brown,7.61E+12,,men ,50,    2 year,switzerland ,"₹  2,75,600",HyperChrome
r27100912,,,automatic,40 mm,round,ceramic,sapphire crystal,mop,ceramic,black,7.61E+12,,men ,50,    2 years,switzerland ,"₹  1,85,200",TRUE
r27269302,,,quartz,39 mm,round,ceramic,sapphire crystal,brown,ceramic,brown,7.61E+12,,men ,30,    2 years,switzerland ,"₹  1,76,300",True Thinline
r22860024,folding clasp,date,automatic,37.7 mm,round,steel,sapphire crystal,white,steel,silver,7.61E+12,,men ,50,    2 year,switzerland ,"₹  1,10,900",Coupole Classic
r22876015,,date,automatic,41 mm,round,steel,sapphire crystal,silver,leather,black,7.61E+12,,men ,50,    2 years,switzerland ,"₹  1,16,400",Coupole
r12999253,,day-date,automatic,38.5 mm,oval,steel & yellow gold pvd,sapphire crystal,gold,steel & yellow gold pvd,yellow gold,7.61E+12,,men ,100,    2 years,switzerland ,"₹  1,77,400",The Original Automatic
r27742152,,,quartz,30 mm,round,ceramic,sapphire crystal,black,ceramic,black,7.61E+12,,women ,30,    2 years,switzerland ,"₹  1,65,900",TRUE
r27969182,,,automatic,40 mm,round,ceramic,sapphire crystal,,ceramic,grey,7.61E+12,,men ,30,    2 years,switzerland ,"₹  2,30,300",True Thinline Deep Web Limited Edition
r20194162,,,quartz,22.7 mm,rectangular,steel & black ceramic,sapphire crystal,black,steel & ceramic,black & rose gold,7.61E+12,,women ,50,    2 year,switzerland ,"₹  1,80,400",Integral
r22894023,,open balance wheel,automatic,41 mm,round,steel & rose gold pvd,sapphire crystal,silver,steel & rose gold pvd,silver & rose gold,7.61E+12,,men ,50,    2 year,switzerland ,"₹  1,60,400",Coupole Classic
r22897943,,,quartz,27 mm,round,steel,sapphire crystal,white,steel,silver,7.61E+12,,women ,50,    2 year,switzerland ,"₹  85,900",Coupole Classic
r48870013,,date,quartz,38 mm,round,steel,sapphire crystal,silver,steel,silver,7.61E+12,,men ,30,    2 years,switzerland ,"₹  69,900",Florence Classic
r22860025,,date,automatic,38 mm,round,steel,sapphire crystal,,leather,,7.61E+12,,women ,50,    2 years,switzerland ,"₹  1,01,800",Coupole
r30163162,,day-date,automatic,40 mm,round,steel & rose gold pvd,sapphire crystal,black,steel & rose gold pvd,silver & rose gold,7.61E+12,,men ,30,    2 year,switzerland ,"₹  1,71,900",Centrix
r22876203,,date,automatic,41 mm,round,steel,sapphire crystal,blue,steel,silver,7.61E+12,,men ,50,    2 years,switzerland ,"₹  1,19,000",Coupole Classic
r27011312,,,quartz,39 mm,round,ceramic,sapphire crystal,rose gold,ceramic,black,7.61E+12,,men ,30,    2 years,switzerland ,"₹  1,86,300",True Thinline
r32042153,, date,automatic,44 mm,round,steel & ceramic,sapphire crystal,black,steel,silver,7.61E+12,,men ,100,    2 year,switzerland ,"₹  2,32,700",HyperChrome
r22881165,,date,automatic,41 mm,round,steel & rose gold plated,sapphire crystal,grey,leather,black,7.61E+12,,men ,50,    2 year,switzerland ,"₹  1,76,900",Coupole Classic
r22859923,,,quartz,28 mm,round,steel & rose gold pvd,sapphire crystal,mop,steel & rose gold pvd,silver & rose gold,7.61E+12,on bezel & dial ,women ,30,    2 years,switzerland ,"₹  2,39,000",Coupole
r27957022,,,quartz,39 mm,round,ceramic,sapphire crystal,white,ceramic,white,7.61E+12,,unisex ,30,    2 years,switzerland ,"₹  1,86,100",True Thinline
r27010102,,,quartz,39 mm,round,ceramic,sapphire crystal,grey,ceramic,grey,7.61E+12,,men ,30,    2 years,switzerland ,"₹  2,04,800",True Thinline
r32042305,, date,automatic,44 mm,round,steel & ceramic,sapphire crystal,brown,leather,brown,,,men ,100,    2 year,switzerland ,"₹  2,12,800",HyperChrome
r14068016,,date,automatic,40.3 mm,round,ceramos,sapphire crystal,white,leather,black,7.61E+12,,men ,50,    2 year,switzerland ,"₹  2,04,800",DiaMaster
r27088102,folding clasp,date,automatic,39 mm,round,ceramic,sapphire crystal,black,ceramic,black,7.61E+12,,men ,30,    2 years,switzerland ,"₹  2,32,700",True Thinline Automatic
r32505153,,date,automatic,42 mm,round,steel & ceramic,sapphire crystal,black,steel,silver,7.61E+12,,men ,200,    2 years,switzerland ,"₹  1,95,300",Captain Cook Automatic
r32505203,,date,automatic,42 mm,round,steel,sapphire crystal,blue,steel,silver,7.61E+12,,men ,200,    2 years,switzerland ,"₹  1,95,300",Captain Cook Automatic
r32505015,,date,automatic,42 mm,round,steel & ceramic,sapphire crystal,black,steel,silver,7.61E+12,,men ,200,    2 years,switzerland ,"₹  1,95,300",Captain Cook Automatic
r32505205,,date,automatic,42 mm,round,steel,sapphire crystal,blue,leather,brown,7.61E+12,,men ,200,    2 year,switzerland ,"₹  1,95,300",HyperChrome
r30035172,,date,automatic,38 mm,round,steel,sapphire crystal,black,steel & ceramic,black & yellow gold,7.61E+12,,men ,30,    2 year,switzerland ,"₹  1,70,300",Centrix
r30941172,,date,automatic,38 mm,round,steel,sapphire crystal,black,steel & blue pvd,silver & black,7.61E+12,,men ,30,    2 year,switzerland ,"₹  1,60,400",Centrix
r21702702,,,quartz,22.9 mm,rectangular,ceramic,sapphire crystal,black,ceramic,black,7.61E+12,on dial ,women ,50,    2 years,switzerland ,"₹  2,29,500",Ceramica
r30246013,,open balance wheel,automatic,33 mm,round,steel & yellow gold pvd,sapphire crystal,silver,steel & yellow gold pvd,silver & yellow gold,7.61E+12,,women ,30,    2 years,switzerland ,"₹  1,75,000",Centrix
r12637013,,date,automatic,38.5 mm,round,steel,sapphire crystal,white,steel,,7.61E+12,,men ,100,    2 years,switzerland ,"₹  1,28,900",Original
r27242732,,date,automatic,30 mm,round,ceramic,sapphire crystal,black,ceramic,black,7.61E+12,on dial ,women ,50,    2 years,switzerland ,"₹  2,05,000",TRUE
r27741152,,,quartz,39 mm,round,ceramic,sapphire crystal,black,ceramic,black,7.61E+12,,men ,30,    2 years,switzerland ,"₹  1,75,000",True Thinline
r12637153,,date,automatic,38 mm,round,steel,sapphire crystal,black,steel,silver,7.61E+12,,men ,100,    2 years,switzerland ,"₹  1,28,900",Original
r14067036,,date,automatic,40.7 mm,round,ceramos,sapphire crystal,white,leather,black,7.61E+12,,men ,50,    2 year,switzerland ,"₹  1,94,900",True Thinline
r21864702,folding clasp,,quartz,30 mm,square,ceramic,sapphire crystal,black,ceramic,blue,7.61E+12,on dial ,men ,50,    2 year,switzerland ,"₹  2,17,500",Ceramica
r14064735,,date,quartz,33 mm,round,ceramic,sapphire crystal,brown,leather,grey,7.61E+12,on dial ,unisex ,50,    2 year,switzerland ,"₹  1,68,600",DiaMaster
r22860027,folding clasp,date,automatic,37.7 mm,round,steel & rose gold pvd,sapphire crystal,silver,steel & rose gold pvd,silver & rose gold,7.61E+12,,men ,50,    2 year,switzerland ,"₹  1,25,600",Coupole Classic
r32505313,,date,automatic,42 mm,round,steel,sapphire crystal,green,steel,silver,7.61E+12,,men ,200,    2 years,switzerland ,"₹  1,95,300",Captain Cook Automatic
r32505315,,date,automatic,42 mm,round,steel,sapphire crystal,green,leather,brown,7.61E+12,,men ,200,    2 year,switzerland ,"₹  1,86,100",HyperChrome
r32505305,,date,automatic,42 mm,round,steel,sapphire crystal,black,leather,brown,7.61E+12,,men ,200,    2 year,switzerland ,"₹  1,90,300",HyperChrome
r27057112,,date,automatic,40.1 mm,round,ceramic,sapphire crystal,silver,ceramic,black,7.61E+12,,men ,50,    2 years,switzerland ,"₹  1,52,300",TRUE
r27059732,,date,automatic,40 mm,round,ceramic,sapphire crystal,black,ceramic,black,7.61E+12,on dial ,men ,50,    2 years,switzerland ,"₹  2,05,000",TRUE
r27262102,,,quartz,39 mm,round,ceramic,sapphire crystal,black,ceramic,black,7.61E+12,,men ,30,    2 year,switzerland ,"₹  1,76,300",True Thinline
r30036172,,date,automatic,38 mm,round,steel & ceramic,sapphire crystal,black,steel & ceramic,black & rose gold,7.61E+12,,men ,30,    2 year,switzerland ,"₹  1,70,300",Centrix
r27088312,,date,automatic,39 mm,round,ceramic,sapphire crystal,green,ceramic,,7.61E+12,,men ,30,    2 years,switzerland ,"₹  2,32,700",True Thinline Automatic
r30528253,,date,quartz,35 mm,round,steel & yellow gold pvd,sapphire crystal,champagne,steel & yellow gold pvd,yellow gold,7.61E+12,,women ,30,    2 years,switzerland ,"₹  1,00,100",Centrix
r21993702,folding clasp,,quartz,30 mm,rectangular,ceramic,sapphire crystal,brown,ceramic,brown,7.61E+12,on dial ,men ,50,    2 year,switzerland ,"₹  2,17,500",Ceramica
r32042203,folding clasp, date,automatic,44 mm,round,steel,sapphire crystal,blue,steel,silver,7.61E+12,,men ,100,    2 year,switzerland ,"₹  2,32,700",HyperChrome
r12995103,,day-date,automatic,38.5 mm,oval,steel,sapphire crystal,,steel,silver,7.61E+12,,men ,100,    2 year,switzerland ,"₹  1,55,300",Original
r14068206,,date,automatic,40.3 mm,round,steel & rose gold pvd,sapphire crystal,blue,leather,black,7.61E+12,,men ,50,    2 years,switzerland ,"₹  2,04,800",DiaMaster Thinline Automatic
r27088202,,date,automatic,39 mm,round,ceramic,sapphire crystal,blue,ceramic,silver,7.61E+12,,men ,30,    2 year,switzerland ,"₹  2,32,700",TRUE
r30036022,,date,automatic,38 mm,round,steel & rose gold pvd,sapphire crystal,white,steel & ceramic,silver & rose gold,7.61E+12,,men ,30,    2 year,switzerland ,"₹  1,70,400",Centrix Automatic
r22855923,,,quartz,27 mm,round,steel & rose gold pvd,sapphire crystal,mop,steel & rose gold pvd,rose gold,7.61E+12,on dial ,women ,50,    2 years,switzerland ,"₹  1,50,500",Coupole
r30036302,folding clasp,date,automatic,38 mm,round,steel & ceramic,sapphire crystal,brown,steel & ceramic,,7.61E+12,,men ,30,    2 years,switzerland ,"₹  1,70,300",Centrix Automatic
r30183732,,date,automatic,28 mm,round,steel & rose gold pvd,sapphire crystal,black,ceramic & rose gold pvd,multicolor,7.61E+12,on dial ,women ,30,    2 years,switzerland ,"₹  2,18,900",Centrix Automatic Diamonds
r12413643,,day-date,automatic,35 mm,oval,steel & yellow gold pvd,sapphire crystal,black,steel & yellow gold pvd,yellow gold,7.61E+12,,men ,30,    2 years,switzerland ,"₹  90,200",The Original Automatic
r20613162,,date,quartz,31 mm,square,ceremic & steel,sapphire crystal,black,ceramic,silver & black,,,men ,50,    2 year,switzerland ,"₹  1,71,800",Integral
r22885945,, moon phase,quartz,34 mm,round,steel & rose gold pvd,sapphire crystal,mop,leather,grey,7.61E+12,,women ,50,    2 year,switzerland ,"₹  1,06,500",Coupole
r12413623,,day-date,automatic,35 mm,oval,steel & yellow gold pvd,sapphire crystal,black,steel & yellow gold pvd,yellow gold,7.61E+12,,men ,30,,switzerland ,"₹  1,17,900",Original
r30034172,,date,automatic,28 mm,round,steel & black pvd,sapphire crystal,black,ceramic,black & rose gold,7.61E+12,,women ,30,    2 year,switzerland ,"₹  1,70,400",Centrix
r30010202,folding clasp,date,automatic,38 mm,round,steel & ceramic,sapphire crystal,blue,steel & ceramic,black,7.61E+12,,men ,30,    2 year,switzerland ,"₹  1,60,400",Centrix
r30183172,,date,automatic,28 mm,round,steel & brown pvd,sapphire crystal,brown,steel & ceramic,brown,7.61E+12,on dial ,women ,30,    2 years,switzerland ,"₹  2,18,900",Centrix Automatic Diamonds
r30183302,folding clasp,date,automatic,28 mm,round,steel & ceramic,sapphire crystal,brown,steel & ceramic,,7.61E+12,,women ,30,    2 years,switzerland ,"₹  1,70,400",Centrix Automatic
r30183022,folding clasp,date,automatic,28 mm,round,steel & rose gold pvd,sapphire crystal,white,steel & ceramic,silver & rose gold,7.61E+12,,women ,30,    2 years,switzerland ,"₹  1,70,300",Centrix Automatic
r12998153,folding clasp,day-date,automatic,38.5 mm,oval,steel & rose gold pvd,sapphire crystal,black,steel & rose gold pvd,rose gold,7.61E+12,,men ,100,    2 years,switzerland ,"₹  1,77,400",The Original Automatic
r32184902,,date,quartz,39 mm,round,steel & ceramic,sapphire crystal,mop,steel & ceramic,silver & rose gold,7.61E+12,on dial ,men ,30,    2 years,switzerland ,"₹  2,22,500",HyperChrome
r32501305,,date,automatic,45 mm,round,steel & ceramic,sapphire crystal,brown,leather,brown,7.61E+12,,men ,200,    2 year,switzerland ,"₹  2,13,700",HyperChrome
r27061902,,,quartz,29 mm,square,ceramic,sapphire crystal,mop,ceramic,white,,,women ,50,    2 year,switzerland ,"₹  1,80,400",TRUE
r27741732,,,quartz,39 mm,round,ceramic,sapphire crystal,black,ceramic,,7.61E+12,on dial ,men ,30,    2 years,switzerland ,"₹  2,11,300",True Thinline
r27057852,folding clasp,date,automatic,40 mm,round,ceramic,sapphire crystal,mop,ceramic,grey,7.61E+12,,men ,50,    2 year,switzerland ,"₹  2,30,600",TRUE
r33101314,,date,automatic,41.8 mm,round,steel,sapphire crystal,green,steel,silver,7.61E+12,,men ,50,    2 years,switzerland ,"₹  1,86,100",HyperChrome Classic Automatic
r33101203,,date,automatic,41.8 mm,round,steel,sapphire crystal,blue,steel,silver,7.61E+12,,men ,50,    2 year,switzerland ,"₹  1,86,100",HyperChrome Classic
r12413063,,day-date,automatic,35 mm,oval,steel & yellow gold pvd,sapphire crystal,champagne,steel & yellow gold pvd,yellow gold,7.61E+12,on dial ,men ,30,    2 years,switzerland ,"₹  1,02,700",The Original Automatic
r32087902,,date,automatic,30.6 mm,round,steel & rose gold pvd,sapphire crystal,mop,steel & rose gold pvd,silver & rose gold,7.61E+12,on dial ,women ,50,    2 years,switzerland ,"₹  2,59,900",HyperChrome
r33103203,,date,automatic,35 mm,round,steel,sapphire crystal,grey,steel,silver,7.61E+12,on dial ,women ,50,    2 years,switzerland ,"₹  2,42,000",HyperChrome Classic Automatic Diamonds
r33100013,,date,automatic,41.8 mm,round,steel,sapphire crystal,silver,steel,silver,7.61E+12,,men ,50,    2 years,switzerland ,"₹  1,95,500",HyperChrome Classic Automatic
r33101204,,date,automatic,41.8 mm,round,steel,sapphire crystal,blue,steel,silver,7.61E+12,,men ,50,    2 years,switzerland ,"₹  1,77,300",HyperChrome Classic Automatic
r14068306,,date,automatic,40.3 mm,round,ceramos,sapphire crystal,grey,leather,grey,7.61E+12,,unisex ,50,    2 year,switzerland ,"₹  1,94,900",True Thinline
r33102103,,date,automatic,35 mm,round,steel,sapphire crystal,grey,steel,silver,7.61E+12,,women ,50,    2 year,switzerland ,"₹  1,95,500",HyperChrome Classic
r33102903,folding clasp,date,automatic,35 mm,round,steel,sapphire crystal,mop,steel,silver,7.61E+12,,women ,50,    2 years,switzerland ,"₹  2,42,000",HyperChrome Classic Automatic Diamonds
r22910103,, date,automatic,42 mm,round,steel,sapphire crystal,silver,steel,silver,7.61E+12,,men ,,    2 year,switzerland ,"₹  1,28,900",Coupole Classic
r22910123,, date,quartz,42 mm,round,steel & rose gold pvd,sapphire crystal,silver,steel & rose gold pvd,silver & rose gold,7.61E+12,,men ,50,    2 year,switzerland ,"₹  1,40,300",Coupole
r22910153,folding clasp, date,quartz,42 mm,round,steel,sapphire crystal,black,steel,silver,7.61E+12,,men ,50,    2 year,switzerland ,"₹  1,35,300",Coupole Classic
r22911125,, date,quartz,42 mm,round,steel & rose gold pvd,sapphire crystal,silver,leather,brown,7.61E+12,,men ,50,    2 year,switzerland ,"₹  1,30,400",Coupole
r22911165,, date,quartz,42 mm,round,steel & rose gold pvd,sapphire crystal,black,leather,black,7.61E+12,,men ,50,    2 year,switzerland ,"₹  1,30,400",Coupole
r22883923,folding clasp, moon phase,quartz,34 mm,round,steel & rose gold pvd,sapphire crystal,mop,steel & rose gold pvd,silver & rose gold,7.61E+12,on dial ,women ,50,    2 year,switzerland ,"₹  1,56,900",Coupole Classic
r33100103,,date,automatic,41.8 mm,round,steel & ceramic,sapphire crystal,grey,steel,silver,7.61E+12,,men ,50,    2 years,switzerland ,"₹  1,95,500",HyperChrome Classic Automatic
r22911205,, date,quartz,42 mm,round,steel & rose gold pvd,sapphire crystal,blue,leather,brown,7.61E+12,,men ,50,    2 year,switzerland ,"₹  1,30,400",Coupole Classic Chronograph
r48743154,,date,automatic,38.5 mm,round,steel,sapphire crystal,black,steel,silver,7.61E+12,,men ,100,    2 year,switzerland ,"₹  87,500",Original
r15967162,, date,automatic,42 mm,round,steel & yellow gold pvd,sapphire crystal,black,ceramic & yellow gold pvd,black & yellow gold,7.61E+12,,men ,200,    2 years,switzerland ,"₹  2,42,800",D Star
r12304303,,day-date,quartz,35.1 mm,oval,cvd coated hardmetal,sapphire crystal,champagne,steel & yellow gold pvd,yellow gold,7.61E+12,on dial ,unisex ,30,    2 years,switzerland ,"₹  92,000",The Original
r27057102,,date,automatic,40 mm,round,ceramic,sapphire crystal,black,ceramic,black,7.61E+12,,men ,50,    2 years,switzerland ,"₹  1,67,500",TRUE
r30122103,, date,quartz,38 mm,round,steel,sapphire crystal,black,steel,silver,7.61E+12,,men ,50,    2 years,switzerland ,"₹  1,47,600",Centrix
r22883953,,moon phase,quartz,34 mm,round,steel & rose gold pvd,sapphire crystal,mop,steel & rose gold pvd,silver & rose gold,7.61E+12,on dial ,women ,50,    2 years,switzerland ,"₹  1,95,500",Coupole Classic Diamonds
r22884963,,moon phase,quartz,34 mm,round,steel & rose gold pvd,sapphire crystal,mop,steel & rose gold pvd,silver & rose gold,,on dial ,women ,50,    2 year,switzerland ,"₹  2,28,000",Coupole Classic
r30036013,,date,automatic,38 mm,round,steel & rose gold pvd,sapphire crystal,white,steel & rose gold pvd,silver & rose gold,7.61E+12,,men ,30,    2 years,switzerland ,"₹  1,32,200",Centrix
r14135306,,date,quartz,40 mm,round,ceramic,sapphire crystal,grey,leather,brown,7.61E+12,,men ,100,    2 years,switzerland ,"₹  1,23,500",DiaMaster
r48871155,folding clasp,date,quartz,28 mm,round,steel & rose gold pvd,sapphire crystal,black,leather,black,,,women ,30,    2 year,switzerland ,"₹  66,500",Florence
r32501153,,date,automatic,42 mm,round,steel & ceramic,sapphire crystal,black,steel,silver,7.61E+12,,men ,200,    2 years,switzerland ,"₹  1,95,300",Captain Cook Automatic
r30189712,,date,automatic,28 mm,round,steel & rose gold pvd,sapphire crystal,black,ceramic & rose gold pvd,black & rose gold,7.61E+12,on dial ,women ,30,    2 years,switzerland ,"₹  2,03,900",Centrix Automatic Diamonds
r22850173,,,quartz,33 mm,round,steel & rose gold pvd,sapphire crystal,black,steel & rose gold pvd,silver & rose gold,,,unisex ,50,    2 year,switzerland ,"₹  1,10,900",Coupole
r32121152,, date,automatic,45 mm,round,steel & ceramic,sapphire crystal,black,steel & ceramic,black,7.61E+12,,men ,100,    2 years,switzerland ,"₹  4,04,700",HyperChrome Automatic Chronograph
r21807702,,date,automatic,30 mm,square,ceramic,sapphire crystal,black,ceramic,black,7.61E+12,on dial ,women ,50,    2 year,switzerland ,"₹  2,89,400",Ceramica
r14129316,, small seconds,automatic,43 mm,round,ceramic,sapphire crystal,grey,leather,brown,7.61E+12,,men ,100,    2 years,switzerland ,"₹  2,51,200",DiaMaster
r12416193,,date,automatic,27.3 mm,oval,steel & yellow gold pvd,sapphire crystal,champagne,steel & yellow gold pvd,yellow gold,7.61E+12,on dial ,women ,30,    2 years,switzerland ,"₹  1,02,700",The Original Automatic
r22850023,,,quartz,33 mm,round,steel & rose gold pvd,sapphire crystal,white,steel & rose gold pvd,silver & rose gold,,,unisex ,50,    2 year,switzerland ,"₹  1,05,600",Coupole
r14056955,,open balance wheel,automatic,35 mm,round,ceramic,sapphire crystal,mop,leather,black,7.61E+12,on dial ,women ,50,    2 year,switzerland ,"₹  2,51,300",DiaMaster
r21700182,,date,quartz,30 mm,rectangular,ceramic,sapphire crystal,black,ceramic,black,7.61E+12,,men ,50,    2 years,switzerland ,"₹  1,98,000",Ceramica
r48889713,,date,quartz,38 mm,round,steel & rose gold pvd,sapphire crystal,black,steel & rose gold pvd,rose gold,,,women ,30,    2 year,switzerland ,"₹  93,100",Florence
r14056945,,open balance wheel,automatic,35 mm,round,ceramic,sapphire crystal,mop,leather,brown,,on dial ,women ,50,    2 year,switzerland ,"₹  2,51,300",DiaMaster
r14056935,,open balance wheel,automatic,35 mm,round,ceramic,sapphire crystal,mop,leather,grey,7.61E+12,on dial ,women ,50,    2 year,switzerland ,"₹  2,39,200",DiaMaster
r22876022,,date,automatic,41 mm,round,steel,sapphire crystal,white,,silver & rose gold,7.61E+12,,men ,50,    2 years,switzerland ,"₹  1,46,800",Coupole
r22910115,, date,quartz,42 mm,round,steel,sapphire crystal,silver,leather,black,7.61E+12,,men ,,    2 year,switzerland ,"₹  1,25,600",Coupole
r14137156,, power reserve indicator,automatic,43 mm,round,ceramic,sapphire crystal,black,leather,black,7.61E+12,,men ,100,    2 year,switzerland ,"₹  1,95,500",DiaMaster
r48743253,,,quartz,32.5 mm,round,steel & yellow gold pvd,sapphire crystal,champagne,steel & yellow gold pvd,silver & yellow gold,7.61E+12,,men ,,,switzerland ,"₹  58,500",Florence
r15943162,,date,quartz,42 mm,cushion,steel & ceramic,sapphire crystal,black,steel,silver,7.61E+12,,men ,30,    2 years,switzerland ,"₹  1,58,300",D Star
r20787162,,date,quartz,28 mm,rectangular,two tone,sapphire crystal,black,two tone,,,,men ,30,    2 years,switzerland ,"₹  1,68,900",Integral
r27972162,,date,quartz,40 mm,round,ceramic,sapphire crystal,black,ceramic,,7.61E+12,,men ,30,    2 years,switzerland ,"₹  1,05,200",TRUE
r30186902,,,quartz,23 mm,round,steel & rose gold pvd,sapphire crystal,mop,steel & ceramic,white & rose gold,,,women ,30,    2 year,switzerland ,"₹  1,24,400",Centrix
r32505018,,date,automatic,42 mm,round,steel & ceramic,sapphire crystal,silver,steel,,,,men ,200,    2 year,switzerland ,"₹  2,15,500",Captain Cook
r32505208,,date,automatic,42 mm,round,steel & ceramic,sapphire crystal,blue,steel,silver,,,men ,200,    2 year,switzerland ,"₹  2,15,500",Captain Cook
r32505158,,date,automatic,42 mm,round,steel & ceramic,sapphire crystal,black,steel,silver,7.61E+12,,men ,200,    2 years,switzerland ,"₹  1,95,300",Captain Cook Automatic
r27090602,,,quartz,39 mm,round,ceramic,sapphire crystal,cream,ceramic,cream,7.61E+12,,unisex ,30,    2 years,switzerland ,"₹  1,77,300",True Thinline Les Couleurs™ Le Corbusier Cream white 32001
r27094642,,,quartz,39 mm,round,ceramic,sapphire crystal,pink,ceramic,pink,,,unisex ,30,    2 year,switzerland ,"₹  1,77,300",TRUE
r22882903,folding clasp, moon phase,quartz,34 mm,round,steel,sapphire crystal,mop,steel,silver,7.61E+12,on dial ,women ,50,    2 years,switzerland ,"₹  2,13,000",Coupole Classic Diamonds
r22876013,,date,automatic,41 mm,round,steel,sapphire crystal,white,steel,silver,7.61E+12,,men ,50,    2 years,switzerland ,"₹  1,25,600",Coupole
r21992702,folding clasp,,quartz,22.9 mm,rectangular,ceramic,sapphire crystal,brown,ceramic,brown,7.61E+12,on dial ,women ,50,    2 year,switzerland ,"₹  2,17,500",Ceramica
r21994702,folding clasp,,quartz,22.9 mm,square,ceramic,sapphire crystal,blue,ceramic,blue,7.61E+12,on dial ,women ,50,    2 year,switzerland ,"₹  2,17,500",Ceramica
r27009152,folding clasp,,quartz,39 mm,round,ceramic,sapphire crystal,,ceramic,black,,,women ,30,    2 year,switzerland ,"₹  1,90,300",TRUE
r32276112,, date,automatic,45 mm,round,ceramic,sapphire crystal,black,ceramic,,7.61E+12,,men ,100,    2 years,switzerland ,"₹  3,60,100",HyperChrome
r32254202,,date,automatic,42 mm,round,steel & ceramic,sapphire crystal,blue,ceramic,grey,7.61E+12,,men ,50,    2 years,switzerland ,"₹  2,50,400",HyperChrome
r14067156,,date,automatic,40.7 mm,round,ceramos,sapphire crystal,grey,leather,black,7.61E+12,,men ,50,    2 years,switzerland ,"₹  1,95,100",DiaMaster Thinline Automatic
r27071152,,,automatic,40.1 mm,round,ceramic,sapphire crystal,black,ceramic,black,7.61E+12,,men ,50,    2 year,switzerland ,"₹  1,58,800",TRUE
r22878032,, power reserve indicator,automatic,41 mm,round,steel,sapphire crystal,silver,steel & ceramic,silver & rose gold,7.61E+12,,men ,50,    2 years,switzerland ,"₹  1,63,200",Coupole Classic Automatic Power Reserve
r27243712,,date,quartz,40 mm,round,ceramic,,black,ceramic,black,7.61E+12,,men ,50,    2 years,switzerland ,"₹  1,54,500",True Diamonds
r27957012,,,quartz,39. mm,round,ceramic,sapphire crystal,white,ceramic,white,7.61E+12,,unisex ,30,    2 year,switzerland ,"₹  1,76,300",True Thinline
r14141306,, power reserve indicator,automatic,43 mm,round,ceramic,sapphire crystal,anthracite,leather,brown,7.61E+12,,men ,50,    2 year,switzerland ,"₹  1,93,800",DiaMaster
r32505318,,date,automatic,42 mm,round,steel & ceramic,sapphire crystal,green,steel,silver,7.61E+12,,men ,200,    2 years,switzerland ,"₹  2,15,500",Captain Cook Automatic
r27958722,,,quartz,30 mm,round,ceramic,sapphire crystal,white,ceramic,white,,on dial ,women ,30,    2 year,switzerland ,"₹  2,04,800",TRUE
r22883943,folding clasp, moon phase,quartz,34 mm,round,steel & rose gold pvd,sapphire crystal,mop,steel & rose gold pvd,silver & rose gold,7.61E+12,,women ,50,    2 year,switzerland ,"₹  1,21,000",Coupole Classic
r30179105,,,automatic,38 mm,round,stainless steel,,silver,leather,brown,7.61E+12,,men ,30,    2 years,switzerland ,"₹  1,55,600",Centrix
r30554762,,date,quartz,38 mm,round,steel & rose gold pvd,sapphire crystal,silver,ceramic & rose gold pvd,silver & rose gold,7.61E+12,,men ,30,    2 years,switzerland ,"₹  1,90,800",Centrix Diamonds
r30555172,,date,quartz,28 mm,round,steel & rose gold pvd,sapphire crystal,black,ceramic & rose gold pvd,black & rose gold,7.61E+12,,women ,30,    2 years,switzerland ,"₹  1,30,300",Centrix
r48893743,,date,quartz,28 mm,round,steel & rose gold pvd,sapphire crystal,brown,steel & rose gold pvd,rose gold,7.61E+12,on dial ,women ,30,    2 years,switzerland ,"₹  1,21,000",Florence Classic Diamonds
r27077702,,date,automatic,38 mm,square,ceramic,sapphire crystal,grey,ceramic,grey,7.61E+12,on dial ,men ,50,    2 years,switzerland ,"₹  2,32,700",True Square Automatic Diamonds
r30555732,,date,quartz,28 mm,round,steel & rose gold pvd,sapphire crystal,black,ceramic & rose gold pvd,black & rose gold,7.61E+12,,women ,30,    2 years,switzerland ,"₹  1,85,400",Centrix Diamonds
r48893714,,date,quartz,28 mm,round,steel & rose gold pvd,sapphire crystal,black,steel & rose gold pvd,rose gold,7.61E+12,on dial ,women ,30,    2 years,switzerland ,"₹  93,100",Florence Classic Diamonds
r27080722,,date,quartz,29 mm,square,ceramic,sapphire crystal,black,ceramic,black,7.61E+12,on dial ,women ,50,    2 years,switzerland ,"₹  1,70,400",True Square Diamonds
r30935752,,date,quartz,28 mm,round,steel,sapphire crystal,black,steel & ceramic,silver & black,7.61E+12,on dial ,women ,30,    2 years,switzerland ,"₹  1,75,300",Centrix Diamonds
r48889714,,date,quartz,38 mm,round,steel & rose gold pvd,sapphire crystal,black,steel & rose gold pvd,rose gold,7.61E+12,on dial ,men ,30,    2 years,switzerland ,"₹  88,700",Florence Classic Diamonds
r30934172,,date,quartz,38 mm,round,steel,sapphire crystal,black,steel & ceramic,silver & black,7.61E+12,,men ,30,    2 years,switzerland ,"₹  1,30,200",Centrix
r27078162,,date,automatic,38 mm,square,ceramic,sapphire crystal,black,ceramic,black,7.61E+12,,men ,50,    2 years,switzerland ,"₹  1,85,400",True Square Automatic
r27077202,,date,automatic,38 mm,square,ceramic,sapphire crystal,blue,ceramic,grey,,,men ,50,    2 years,switzerland ,"₹  1,95,500",True Square Automatic
r32500013,,date,automatic,37 mm,round,steel & ceramic,sapphire crystal,silver,steel,silver,,,women ,100,    2 years,switzerland ,"₹  1,95,400",Captain Cook Automatic
r32500323,folding clasp,date,automatic,37 mm,round,steel & ceramic,sapphire crystal,green,steel,silver,7.61E+12,,unisex ,100,    2 years,switzerland ,"₹  1,95,400",Captain Cook
r30010312,,date,automatic,38 mm,round,steel,sapphire crystal,green,steel & ceramic,silver,7.61E+12,,men ,30,    2 years,switzerland ,"₹  1,60,400",Centrix Automatic
r32105153,folding clasp,date,automatic,42 mm,round,steel & ceramic,sapphire crystal,black,steel,silver,,,men ,300,    2 year,switzerland ,"₹  2,05,500",Captain Cook
r32504205,,date,automatic,42 mm,round,bronze,sapphire crystal,blue,leather,blue,7.61E+12,,men ,300,    2 years,switzerland ,"₹  2,55,500",Captain Cook Automatic Bronze
r32504315,pin buckle,date,automatic,42 mm,round,bronze,sapphire crystal,green,leather,green,7.61E+12,,men ,300,    2 years,switzerland ,"₹  2,55,500",Captain Cook Automatic Bronze
r30554732,,date,quartz,38 mm,round,steel & rose gold pvd,sapphire crystal,black,ceramic & rose gold pvd,black & rose gold,7.61E+12,,men ,30,    2 years,switzerland ,"₹  1,85,400",Centrix Diamonds
r48889743,,date,quartz,38 mm,round,steel & rose gold pvd,sapphire crystal,brown,steel & rose gold pvd,rose gold,,on dial ,women ,30,    2 year,switzerland ,"₹  1,21,000",Florence Classic Diamonds
r30935172,,date,quartz,28 mm,round,steel,sapphire crystal,black,steel & ceramic,silver & black,7.61E+12,,women ,30,    2 years,switzerland ,"₹  1,20,200",Centrix
r27080702,,date,quartz,29 mm,square,ceramic,sapphire crystal,black,ceramic,black,7.61E+12,on dial ,women ,50,    2 years,switzerland ,"₹  1,90,400",True Square Diamonds
r48908713,,date,quartz,28 mm,round,steel,sapphire crystal,black,steel,silver,7.61E+12,on dial ,women ,30,    2 years,switzerland ,"₹  79,800",Florence Classic Diamonds
r27079702,,date,quartz,29 mm,square,ceramic,sapphire crystal,grey,ceramic,grey,7.61E+12,on dial ,women ,50,    2 years,switzerland ,"₹  2,00,100",True Square Diamonds
r48874313,,date,quartz,28 mm,round,steel,sapphire crystal,green,steel,silver,,,women ,30,    2 year,switzerland ,"₹  69,900",Florence Classic
r30527762,,date,quartz,38 mm,round,steel,sapphire crystal,black,ceramic & yellow gold pvd,black & yellow gold,7.61E+12,,men ,30,    2 years,switzerland ,"₹  1,85,400",Centrix Diamonds
r30528762,,date,quartz,28 mm,round,steel & yellow gold pvd,sapphire crystal,black,ceramic & yellow gold pvd,black & yellow gold,7.61E+12,on dial ,women ,30,    2 years,switzerland ,"₹  1,85,400",Centrix Diamonds
r27079312,,date,quartz,29 mm,square,ceramic,sapphire crystal,green,ceramic,grey,7.61E+12,,women ,50,    2 years,switzerland ,"₹  1,53,600",TRUE
r27078722,,date,automatic,38 mm,square,ceramic,sapphire crystal,black,ceramic,black,7.61E+12,on dial ,men ,50,    2 years,switzerland ,"₹  2,05,500",True Square Automatic Diamonds
r27113172,,date,automatic,40 mm,round,ceramic,sapphire crystal,black,ceramic,black,7.61E+12,,unisex ,30,    2 years,switzerland ,"₹  2,14,000",True Thinline Automatic
r32105203,folding clasp,date,automatic,42 mm,round,steel & ceramic,sapphire crystal,blue,steel,silver,7.61E+12,,men ,300,    2 years,switzerland ,"₹  2,05,500",Captain Cook Automatic
r30555022,,date,quartz,28 mm,round,steel & rose gold pvd,sapphire crystal,white,ceramic & rose gold pvd,silver & rose gold,7.61E+12,,women ,30,    2 years,switzerland ,"₹  1,30,200",Centrix
r48907713,,date,quartz,38 mm,round,steel,sapphire crystal,black,steel,silver,,on dial ,men ,30,    2 year,switzerland ,"₹  79,800",Florence Classic Diamonds
r30934752,,date,quartz,38 mm,round,steel,sapphire crystal,black,steel & ceramic,silver & black,7.61E+12,,men ,30,    2 years,switzerland ,"₹  1,76,900",Centrix Diamonds
r32105319,,date,automatic,42 mm,round,steel,sapphire crystal,green,steel,silver,7.61E+12,,men ,300,    2 years,switzerland ,"₹  2,25,500",Captain Cook Automatic - Hrithik Roshan Special Edition
r27077312,,date,automatic,38 mm,square,ceramic,sapphire crystal,green,ceramic,grey,7.61E+12,,men ,50,    2 years,switzerland ,"₹  1,95,500",True Square Automatic
r32500203,folding clasp,date,automatic,37 mm,round,steel & ceramic,sapphire crystal,blue,steel,silver,,,women ,100,    2 years,switzerland ,"₹  1,95,400",Captain Cook Automatic
r32505016,,date,automatic,42 mm,round,steel & ceramic,sapphire crystal,grey,fabric,brown,,,men ,200,    2 year,switzerland ,"₹  1,81,400",Captain Cook
r32254312,,date,automatic,42 mm,round,ceramic,sapphire crystal,green,ceramic,silver,7.61E+12,,men ,50,    2 years,switzerland ,"₹  2,50,500",HyperChrome Automatic
r32504306,pin buckle,date,automatic,42 mm,round,bronze,sapphire crystal,brown,leather,brown,7.61E+12,,men ,300,    2 years,switzerland ,"₹  2,55,500",Captain Cook Automatic Bronze
r30011312,,date,automatic,28 mm,round,steel,sapphire crystal,green,steel & ceramic,silver,7.61E+12,,women ,30,    2 years,switzerland ,"₹  1,60,400",Centrix Automatic
r30554022,,date,quartz,38 mm,round,steel & rose gold pvd,sapphire crystal,white,ceramic & rose gold pvd,silver & rose gold,7.61E+12,,men ,30,    2 years,switzerland ,"₹  1,40,300",Centrix
r30528172,,date,quartz,28 mm,round,steel & yellow gold pvd,sapphire crystal,black,ceramic & yellow gold pvd,black & yellow gold,7.61E+12,,women ,30,    2 years,switzerland ,"₹  1,30,300",Centrix
r48870313,,date,quartz,38 mm,round,steel,sapphire crystal,green,steel,silver,,,men ,30,    2 year,switzerland ,"₹  66,500",Florence
r22894155,,open balance wheel,automatic,41 mm,round,steel,sapphire crystal,black,leather,black,,,men ,50,    2 year,switzerland ,"₹  1,33,600",Coupole Classic
r32105313,folding clasp,date,automatic,42 mm,round,steel & ceramic,sapphire crystal,green,steel,silver,7.61E+12,,men ,300,    2 years,switzerland ,"₹  2,05,500",Captain Cook Automatic
r30527172,,date,quartz,38 mm,round,steel & yellow gold pvd,sapphire crystal,black,ceramic & yellow gold pvd,black & yellow gold,7.61E+12,,men ,30,    2 years,switzerland ,"₹  1,40,300",Centrix
r27113722,,date,automatic,40 mm,round,ceramic,sapphire crystal,black,ceramic,black,7.61E+12,on dial ,unisex ,50,    2 years,switzerland ,"₹  2,42,000",True Thinline Automatic Diamonds
r27078702,,date,automatic,38 mm,square,ceramic,sapphire crystal,black,ceramic,black,7.61E+12,on dial ,men ,50,    2 years,switzerland ,"₹  2,25,500",True Square Automatic Diamonds
r27009192,,,automatic,39 mm,round,ceramic,sapphire crystal,black,ceramic,black,,,unisex ,30,    2 years,switzerland ,"₹  1,86,100",True Thinline Toge
r30554172,,date,quartz,38 mm,round,steel & rose gold pvd,sapphire crystal,black,ceramic & rose gold pvd,black & rose gold,7.61E+12,,men ,30,    2 years,switzerland ,"₹  1,40,300",Centrix
r30555762,,date,quartz,28 mm,round,steel & rose gold pvd,sapphire crystal,silver,ceramic & rose gold pvd,silver & rose gold,7.61E+12,on dial ,women ,30,    2 years,switzerland ,"₹  1,85,400",Centrix Diamonds
r27080162,,date,quartz,29 mm,square,ceramic,sapphire crystal,black,ceramic,black,,,women ,50,    2 year,switzerland ,"₹  1,50,300",TRUE
r21700162,,date,quartz,30 mm,rectangular,ceramic,sapphire crystal,black,ceramic,black,7.61E+12,,men ,50,    2 year,switzerland ,"₹  1,98,000",Ceramica
r12413653,,day-date,automatic,35 mm,oval,steel & yellow gold pvd,sapphire crystal,black,steel & yellow gold pvd,yellow gold,7.61E+12,,men ,30,    2 years,switzerland ,"₹  90,200",The Original Automatic
r22881025,,date,automatic,41 mm,round,steel & rose pvd,sapphire crystal,white,leather,brown,7.61E+12,,men ,50,    2 year,switzerland ,"₹  1,76,900",Coupole
r12403633,,date,automatic,34 mm,oval,steel,sapphire crystal,gold,two tone,,7.61E+12,on dial ,men ,30,    2 years,switzerland ,"₹  1,16,400",Original
r32105158,folding clasp,date,automatic,42 mm,round,steel & ceramic,sapphire crystal,black,steel,silver,,,men ,100,    2 year,switzerland ,"₹  2,14,800",Captain Cook
r12416034,,day-date,automatic,35 mm,round,steel & yellow gold pvd,sapphire crystal,champagne,steel & yellow gold pvd,yellow gold,7.61E+12,on dial ,men ,30,    2 years,switzerland ,"₹  86,300",Original
r32171155,,day-date,automatic,46 mm,square,ceramic,sapphire crystal,black,leather,black,7.61E+12,,men ,100,    2 years,switzerland ,"₹  2,51,200",HyperChrome
r22860015,,date,automatic,37.7 mm,round,steel,sapphire crystal,silver,leather,black,7.61E+12,,men ,50,    2 years,switzerland ,"₹  1,01,800",Coupole
r27242842,folding clasp,date,automatic,30 mm,round,steel & black pvd,mineral crystal,mop,steel & black pvd,black,7.61E+12,,women ,50,    2 year,switzerland ,"₹  2,04,100",TRUE
r32256012,,date,automatic,42 mm,round,steel & ceramic,sapphire crystal,silver,ceramic,silver,7.61E+12,,men ,50,    2 years,switzerland ,"₹  2,50,400",HyperChrome
r32124302,,date,quartz,36 mm,round,ceramic,sapphire crystal,brown,ceramic,brown,7.61E+12,on bezel ,women ,50,    2 years,switzerland ,"₹  3,45,900",HyperChrome Diamonds
r27056852,folding clasp,date,automatic,40 mm,round,ceramic,sapphire crystal,black,ceramic,black,7.61E+12,on bezel ,men ,50,    2 year,switzerland ,"₹  2,24,500",TRUE
r33101713,,date,automatic,42 mm,round,ceramic,sapphire crystal,blue,steel,silver,,on dial ,men ,50,    2 year,switzerland ,"₹  2,32,700",HyperChrome Classic
r14064915,,date,quartz,33 mm,round,ceramic,sapphire crystal,mop,leather,black,7.61E+12,,unisex ,50,    2 year,switzerland ,"₹  1,23,500",DiaMaster
r33100703,,date,automatic,42 mm,round,steel,sapphire crystal,grey,steel,silver,7.61E+12,on dial ,men ,50,    2 years,switzerland ,"₹  2,42,000",HyperChrome Classic Automatic Diamonds
r32105318,,date,automatic,42 mm,round,steel,sapphire crystal,green,steel,silver,7.61E+12,,men ,300,    2 years,switzerland ,"₹  2,25,500",Captain Cook Automatic - Hrithik Roshan Special Edition
r12064253,,open balance wheel,automatic,35 mm,round,steel & yellow gold pvd,sapphire crystal,,steel & yellow gold pvd,yellow gold,7.61E+12,,men ,30,    2 year,switzerland ,"₹  1,55,400",The Original Automatic
r12065403,,open balance wheel,automatic,35 mm,round,steel & yellow gold pvd,sapphire crystal,,steel & yellow gold pvd,yellow gold,7.61E+12,,men ,30,    2 years,switzerland ,"₹  1,55,400",The Original Automatic
r12063013,,open balance wheel,automatic,35 mm,oval,steel,sapphire crystal,grey,steel,silver,,,men ,30,    2 year,switzerland ,"₹  1,44,300",Diastar
r32105208,folding clasp,date,automatic,42 mm,round,steel & ceramic,sapphire crystal,blue,steel,silver,,,men ,100,    2 year,switzerland ,"₹  2,14,800",Captain Cook
r32500328,,date,automatic,37 mm,round,steel & ceramic,sapphire crystal,green,steel,silver,,,unisex ,200,    2 year,switzerland ,"₹  2,05,500",Captain Cook
r33102703,,date,automatic,35 mm,round,steel,sapphire crystal,grey,steel,silver,7.61E+12,on dial ,women ,50,    2 years,switzerland ,"₹  2,42,000",HyperChrome Classic Automatic Diamonds
r30554723,,date,quartz,38 mm,round,steel & rose gold pvd,sapphire crystal,brown,steel & rose gold pvd,silver & rose gold,7.61E+12,on dial ,men ,30,    2 years,switzerland ,"₹  1,37,400",Centrix Diamonds
r30555723,,date,quartz,28 mm,round,steel & rose gold pvd,sapphire crystal,brown,steel & rose gold pvd,silver & rose gold,7.61E+12,on dial ,women ,30,    2 years,switzerland ,"₹  1,28,500",Centrix Diamonds
r30555743,,date,quartz,28 mm,round,steel & rose gold pvd,sapphire crystal,brown,steel & rose gold pvd,silver & rose gold,7.61E+12,on dial ,women ,30,    2 years,switzerland ,"₹  1,01,900",Centrix Diamonds
r30555724,,date,quartz,28 mm,round,steel & rose gold pvd,sapphire crystal,brown,steel & rose gold pvd,rose gold,7.61E+12,on dial ,women ,30,    2 years,switzerland ,"₹  1,85,400",Centrix Diamonds
r33103713,,date,automatic,35 mm,round,ceramic,sapphire crystal,blue,steel,silver,,on dial ,women ,50,    2 years,switzerland ,"₹  2,32,700",HyperChrome Classic Automatic Diamonds
r30554903,,date,quartz,38 mm,round,steel & rose gold pvd,sapphire crystal,mop,steel & rose gold pvd,silver & rose gold,7.61E+12,on dial ,unisex ,30,    2 years,switzerland ,"₹  1,41,800",Centrix Diamonds
r30555303,,date,quartz,28 mm,round,steel & rose gold pvd,sapphire crystal,silver,steel & rose gold pvd,silver & rose gold,7.61E+12,,women ,30,    2 years,switzerland ,"₹  90,500",Centrix
r30554743,,date,quartz,28 mm,round,steel & rose gold pvd,sapphire crystal,brown,steel & rose gold pvd,silver & rose gold,7.61E+12,on dial ,women ,30,    2 years,switzerland ,"₹  1,01,900",Centrix Diamonds
r30554724,,date,quartz,38 mm,round,steel & rose gold pvd,sapphire crystal,brown,steel & rose gold pvd,rose gold,7.61E+12,on dial ,men ,30,    2 years,switzerland ,"₹  1,85,400",Centrix Diamonds
r30554303,folding clasp,date,quartz,38 mm,round,steel & rose gold pvd,sapphire crystal,brown,steel & rose gold pvd,silver & rose gold,7.61E+12,,unisex ,30,    2 years,switzerland ,"₹  93,100",Centrix
r30931923,,date,quartz,38 mm,round,steel,sapphire crystal,mop,steel & rose gold pvd,silver & rose gold,7.61E+12,on dial ,unisex ,30,    2 years,switzerland ,"₹  1,41,800",Centrix Diamonds
r30932923,,date,quartz,28 mm,round,steel,sapphire crystal,mop,steel & rose gold pvd,silver & rose gold,7.61E+12,on dial ,women ,30,    2 years,switzerland ,"₹  1,32,900",Centrix Diamonds
r27955152,,,quartz,39 mm,round,ceramic,sapphire crystal,black,ceramic,silver,7.61E+12,,men ,100,    2 years,switzerland ,"₹  1,76,000",TRUE
r32504317,,date,automatic,42 mm,round,bronze,sapphire crystal,green,nato,green,7.61E+12,,men ,300,    2 years,switzerland ,"₹  2,55,500",Captain Cook Automatic Bronze
r12413633,,day-date,automatic,35 mm,oval,steel & yellow gold pvd,sapphire crystal,black,steel & yellow gold pvd,yellow gold,7.61E+12,,men ,30,    2 years,switzerland ,"₹  90,200",The Original Automatic
r27056162,,date,automatic,40 mm,round,ceramic,sapphire crystal,black,ceramic,black,7.61E+12,,men ,50,    2 years,switzerland ,"₹  1,59,500",TRUE
r32127162,,,automatic,43 mm,round,ceramic,sapphire crystal,black,ceramic,black,7.61E+12,,men ,300,    2 years,switzerland ,"₹  3,65,800",Captain Cook High-Tech Ceramic
r20140712,,date,quartz,31 mm,rectangular,ceramic,sapphire crystal,white,ceramic,black & rose gold,7.61E+12,,unisex ,30,    2 years,switzerland ,"₹  2,20,500",Integral Diamonds
r33100015,,date,automatic,41.8 mm,round,steel,sapphire crystal,silver,steel,silver,7.61E+12,,men ,50,    2 years,switzerland ,"₹  1,95,500",HyperChrome Classic Automatic
r33104918,,date,quartz,35 mm,round,steel & ceramic,sapphire crystal,mop,steel,silver,,,women ,50,    2 years,switzerland ,"₹  1,55,200",HyperChrome Classic
r27056152,,date,automatic,40 mm,round,ceramic,sapphire crystal,black,ceramic,,7.61E+12,,men ,50,    2 years,switzerland ,"₹  1,59,500",TRUE
r27074155,,date,automatic,38 mm,square,ceramic,sapphire crystal,black,leather,yellow,7.61E+12,,men ,50,    2 years,switzerland ,"₹  1,70,300",True Square Tej Chauhan
r27072902,,,quartz,29 mm,square,ceramic,sapphire crystal,mop,ceramic,white,,,women ,50,    2 year,switzerland ,"₹  1,80,400",TRUE
r32504207,pin buckle,date,automatic,42 mm,round,bronze,sapphire crystal,blue,nato,blue,7.61E+12,,men ,300,    2 years,switzerland ,"₹  2,55,500",Captain Cook Automatic Bronze
r14076106,, date,automatic,45 mm,round,ceramic,sapphire crystal,silver,leather,brown,7.61E+12,,men ,100,    2 years,switzerland ,"₹  3,50,100",DiaMaster
r22864703,,date,quartz,38 mm,round,steel,sapphire crystal,black,steel,silver,7.61E+12,on dial ,men ,50,    2 years,switzerland ,"₹  1,09,200",Coupole
r22883913,, moon phase,quartz,34 mm,round,steel,sapphire crystal,mop,steel,silver,7.61E+12,,women ,50,    2 years,switzerland ,"₹  1,16,400",Coupole Classic Moonphase
r30933712,,date,quartz,38 mm,round,steel,sapphire crystal,black,steel & ceramic,silver & black,7.61E+12,on dial ,men ,30,    2 years,switzerland ,"₹  1,50,700",Centrix Diamonds
r27060732,folding clasp,date,quartz,30 mm,round,ceramic,sapphire crystal,grey,ceramic,grey,7.61E+12,on dial ,women ,50,    2 year,switzerland ,"₹  1,81,500",TRUE
r22862024,folding clasp,,automatic,31.5 mm,round,steel,sapphire crystal,white,steel,silver,7.61E+12,,women ,50,    2 year,switzerland ,"₹  1,16,400",Coupole Classic
r32138153,,date,automatic,42 mm,round,steel & yellow gold pvd,sapphire crystal,black,steel & yellow gold pvd,silver & yellow gold,7.61E+12,,men ,300,    2 years,switzerland ,"₹  2,15,500",Captain cook Automatic
r22879215,, power reserve indicator,automatic,41 mm,round,steel & rose gold pvd,sapphire crystal,blue,leather,brown,7.61E+12,,unisex ,50,    2 years,switzerland ,"₹  1,60,400",Coupole Classic Automatic Power Reserve
r48874024,,date,quartz,28 mm,round,steel,sapphire crystal,white,steel,grey,7.61E+12,,women ,30,    2 year,switzerland ,"₹  66,200",Florence
r48913713,,date,quartz,30 mm,round,steel,sapphire crystal,black,steel,silver,7.61E+12,on dial ,women ,30,    2 years,switzerland ,"₹  1,00,200",Florence Classic Diamonds
r12416163,,day-date,automatic,35 mm,oval,steel & yellow gold pvd,sapphire crystal,black,steel & yellow gold pvd,yellow gold,7.61E+12,,men ,30,    2 years,switzerland ,"₹  90,200",The Original Automatic
r48912713,,date,quartz,38 mm,round,steel,sapphire crystal,black,steel,silver,7.61E+12,on dial ,unisex ,30,    2 years,switzerland ,"₹  1,00,200",Florence Classic Diamonds
r32136318,,date,automatic,42 mm,round,steel & yellow gold pvd,sapphire crystal,green,steel & yellow gold pvd,yellow gold,7.61E+12,,men ,300,    2 years,switzerland ,"₹  2,62,100",Captain Cook Automatic
r22860722,,date,automatic,38 mm,round,steel,sapphire crystal,silver,steel & ceramic,silver & rose gold,7.61E+12,on dial ,men ,50,    2 years,switzerland ,"₹  1,62,500",Coupole Classic Automatic Diamonds
r48912703,,date,quartz,38 mm,round,steel & yellow gold pvd,sapphire crystal,black,steel & yellow gold pvd,silver & yellow gold,7.61E+12,on dial ,unisex ,30,    2 years,switzerland ,"₹  1,05,300",Florence Classic Diamonds
r48913023,,date,quartz,30 mm,round,steel & yellow gold pvd,sapphire crystal,white,steel & yellow gold pvd,silver & yellow gold,7.61E+12,,women ,50,    2 years,switzerland ,"₹  90,300",Florence Classic
r48913153,,date,quartz,30 mm,round,steel,sapphire crystal,black,steel & yellow gold pvd,silver & yellow gold,7.61E+12,,women ,30,    2 years,switzerland ,"₹  90,300",Florence Classic
r48913723,,date,quartz,30 mm,round,steel & rose gold pvd,sapphire crystal,white,steel & rose gold pvd,silver & rose gold,7.61E+12,on dial ,women ,50,    2 years,switzerland ,"₹  1,05,300",Florence Classic Diamonds
r48915703,,date,quartz,30 mm,round,steel & yellow gold pvd,sapphire crystal,black,steel & yellow gold pvd,yellow gold,7.61E+12,on dial ,women ,50,    2 years,switzerland ,"₹  1,10,200",Florence Classic Diamonds
r48912013,,date,quartz,38 mm,round,steel,sapphire crystal,white,steel,silver,7.61E+12,,unisex ,50,    2 years,switzerland ,"₹  85,100",Florence Classic
r48912723,,date,quartz,38 mm,round,steel & rose gold pvd,sapphire crystal,white,steel & rose gold pvd,silver & rose gold,7.61E+12,on dial ,women ,30,    2 years,switzerland ,"₹  1,05,300",Florence Classic Diamonds
model_no,clasp type,features,movement,case size,case shape,case material,glass material,dial colour,strap material,strap colour,ean,precious stone,gender,water resistance (m),warranty period,country of origin,price,product
r30009752,,date,automatic,28 mm,round,steel,sapphire crystal,black,steel,silver,7.61E+12,on dial ,women ,30,    2 year,switzerland ,"₹  2,10,500",Centrix
